folio,unidad,trim,region,ciudad,punto,turno,sexo,edad,nacio,origen,viveloc,paisvive,razon,trabaja,regresa,p1,p1_1,p1_1_1,p1_1_1_1_1,p1_1_1_1_2,p1_2,p2,p2_1,p2_1_1a,p2_1_1n,p2_1_2a,p2_1_2n,p3,p4,p4_1,p5,p6,p7,p8,p8_1,p9,p9_1_1,p9_1_2,p9_1_3,p9_2,p9_3,p10p,p10e,p10m,p10u,p11,p11_1p,p11_1e,p11_1m,p11_1u,p11_1u_b,p12,p13,p13_1_1,p13_1_2,p13_1_3,p13_1_4,p13_1_5,p13_1_6,p13_1_7,p13_1_8,p13_1_9,p13_1_10,p14,p14_1,p14_2,p14_3,p14_3_1c,p14_3_1t,p14_4,p15_1,p15_2,p15_3,p15_4,p15_4_1,p15_5,p15_6,p15_7c,p15_7u,p15_7t,p15_8,p15_9,p15_10,p15_11,p15_12_1,p15_12_2,p15_12_3,p15_12_4,p15_12_5,p15_12_6,p15_12_7,p15_13,p15_13_1_1,p15_13_1_2,p16_1,p16_2,p16_3,p17,p18,p19,p19_1,p20c,p20t,p20_1_0_1,p20_1_0_2,p20_1_0_3,p20_1_0_4,p20_1_0_5,p20_1_0_6,p20_2,p20_3,p20_4,p20_4_1,p21,p21_1,p21_2,p21_3,p22,p22_1,p22_2c,p22_2u,p23,p24,p24_1,p25,p25_1es,p25_1cn,p25_1cd,p25_2_1,p25_2_2,p25_2_3,p25_2_4,p25_2_5,p25_3,p26c,p26t,p27,p27_1,p27_2,p27_3c,p27_3t,p28_1,p28_2,p28_3,p28_4,p29,p29_1,p30,p30_1,p31,p32,p33,p34,p34_1,p35,p36,p37,p37_1_1,p37_1_2,p37_1_3,p37_1_4,p37_1_5,p37_1_6,p38_1,p38_2,p38_3,p38_4,p39_1,p39_2,p39_3,oficio_origen,nivel,lug_des,filtro,estrato,upm,ponfin3
212708,292008,3,5,1,3,2,2,52,1,-2,2,1,4,2,2,0,-9,-9,-9,-9,-9,1,2,-13,-13,12,3,-16,2,2,1,2,5,2,1,2,0,2,0,1,2,1,14,14030,2,2,2,-21,-21,-21,-21,-21,-21,-21,-21,-21,-21,-21,-21,-21,-21,-21,-21,-21,-21,-21,-21,-21,-21,-21,-21,-21,-21,-21,-21,-21,-21,-21,-21,-21,-21,-21,-21,-21,-21,-21,-21,-21,-21,-21,-21,-21,-21,-21,-21,-21,-21,-21,-21,-21,-21,-21,-21,-21,-21,-21,-21,-21,-21,-21,-21,-21,-21,-21,-21,-21,-21,-21,-21,-21,-21,-21,-21,-21,-21,-21,-21,-21,-21,-21,-21,-21,-21,-21,-21,-21,-21,-21,-21,-21,-21,-21,-21,-21,-21,-21,-21,-21,-21,-21,-21,-21,-21,-21,-21,-21,-21,-21,-21,-21,-21,-21,-21,-21,-21,-21,-21,-21,-21,-21,-21,6, , ,51032,51032292008,39.16008831236
169608,262008,3,1,2,2,2,1,20,1,-2,2,1,7,-8,-8,1,0,-10,-10,-10,1,1,1,5,1,-14,-14,1,2,2,6,2,6,2,2,4,0,4,0,4,2,1,22,22017,2,1,-20,-20,-20,-20,2,2,1,2,2,2,2,2,2,2,2,2,1,1,-23,1,-25,-25,-25,-25,263,2,2,2,-31,4,6,1000,1,3,1,2,811,5,2,2,-32,2,2,2,2,3,-33,-33,263,996,996,2,1,-34,-34,6,5,2,1,2,1,2,1,1,4,1,2,1,97,999999997,97,2,-39,-39,-39,2,-40,2,97,97,99997,9999999997,3,2,2,2,1,97,997,97,2,-43,-43,-43,-43,2,2,2,2,2,2,0,-46,-46,-46,-46,-46,-46,-46,1,2,-49,-49,-49,-49,-49,-49,-49,-49,-49,-49,1,2,2,6,1,3,1,12022,12022262008,849.616045560213
746609,302009,3,5,1,3,2,1,31,1,-2,2,1,7,-8,-8,0,-9,-9,-9,-9,-9,1,1,3,4,-15,-15,-15,2,2,6,2,5,1,-17,5,1,4,0,1,1,1,26,26035,1,1,-20,-20,-20,-20,1,2,2,-22,-22,-22,-22,-22,-22,-22,-22,-22,-22,2,2,-24,-24,-24,-24,-24,-24,-24,-24,-24,-24,-24,-24,-24,-24,-24,-24,-24,-24,-24,-24,-24,-24,-24,-24,-24,-24,2,-33,-33,959,264,996,3,99,2,2020,8,1,2,1,2,2,2,2,1,0,-36,-36,2,-38,-38,-38,-38,-38,-38,-38,-38,-38,-38,-38,-38,-38,-38,-38,-38,-38,-38,-38,-38,-38,-38,2,-43,-43,-43,-43,2,2,2,2,2,2,0,-46,-46,-46,-46,-46,-46,-46,2,1,1,2,2,2,2,2,2,2,2,2,2,2,2,-1,4,2,1,51032,51032302009,36.8243075147394
745009,302009,3,5,1,3,2,2,26,1,-2,2,1,7,-8,-8,0,-9,-9,-9,-9,-9,1,1,3,3,-15,-15,-15,2,2,6,2,6,2,2,5,0,5,0,3,2,1,26,26036,2,1,-20,-20,-20,-20,2,2,2,-22,-22,-22,-22,-22,-22,-22,-22,-22,-22,1,-23,2,1,-26,-26,-26,923,1,1,1,2,12,4,1350,1,3,1,7,335,1,2,2,2,2,2,2,2,2,-33,-33,819,996,996,1,99,2,2020,5,2,2,1,2,2,2,2,1,4,1,3,2,-38,-38,-38,-38,-38,-38,-38,-38,-38,-38,-38,-38,-38,-38,-38,-38,-38,-38,-38,-38,-38,-38,2,-43,-43,-43,-43,2,2,2,2,2,2,0,-46,-46,-46,-46,-46,-46,-46,2,1,2,1,2,2,2,2,2,2,2,2,2,2,2,2,6,2,1,51032,51032302009,36.8243075147394
743309,302009,3,5,1,3,2,2,39,1,-2,2,1,3,2,2,0,-9,-9,-9,-9,-9,1,1,3,3,-15,-15,-15,2,2,6,2,2,1,-17,2,0,2,0,1,2,1,26,26030,2,1,-20,-20,-20,-20,2,2,2,-22,-22,-22,-22,-22,-22,-22,-22,-22,-22,1,-23,2,4,-27,-27,5,-29,-29,-29,-29,-29,-29,-29,-29,-29,-29,-29,-29,-29,-29,-29,-29,-29,-29,-29,-29,-29,2,-33,-33,819,511,996,5,2,2,2020,2,5,2,1,2,2,2,2,1,4,2,-37,2,-38,-38,-38,-38,-38,-38,-38,-38,-38,-38,-38,-38,-38,-38,-38,-38,-38,-38,-38,-38,-38,-38,2,-43,-43,-43,-43,2,2,2,2,2,2,0,-46,-46,-46,-46,-46,-46,-46,2,1,1,2,2,2,2,2,2,2,2,2,2,2,2,-1,6,2,1,51032,51032302009,36.8243075147394
215108,292008,3,5,1,3,2,1,34,1,-2,2,1,8,-8,-8,0,-9,-9,-9,-9,-9,1,1,3,5,-15,-15,-15,2,2,6,2,6,1,-17,1,-18,-18,-18,-18,-18,1,18,18001,2,2,1,26,26030,2,2,2,2,-22,-22,-22,-22,-22,-22,-22,-22,-22,-22,1,-23,2,2,4,3,2,-29,-29,-29,-29,-29,-29,-29,-29,-29,-29,-29,-29,-29,-29,-29,-29,-29,-29,-29,-29,-29,2,-33,-33,819,264,996,1,1,-34,-34,777,7,2,1,2,1,2,2,1,4,1,7,2,-38,-38,-38,-38,-38,-38,-38,-38,-38,-38,-38,-38,-38,-38,-38,-38,-38,-38,-38,-38,-38,-38,2,-43,-43,-43,-43,2,2,2,2,2,2,0,-46,-46,-46,-46,-46,-46,-46,2,2,-49,-49,-49,-49,-49,-49,-49,-49,-49,-49,2,2,2,-1,6,2,1,51032,51032292008,39.1603495493091
214108,292008,3,5,1,3,2,1,39,1,-2,2,1,7,-8,-8,0,-9,-9,-9,-9,-9,1,1,3,9,-15,-15,-15,2,2,6,2,5,1,-17,3,0,3,0,2,1,1,26,26018,2,1,-20,-20,-20,-20,2,2,2,-22,-22,-22,-22,-22,-22,-22,-22,-22,-22,1,-23,1,-25,-25,-25,-25,241,4,-30,2,-31,12,6,9999999,99,99,97,1,621,1,2,2,-32,2,2,2,2,3,-33,-33,241,996,996,3,97,2,2020,2,2,2,1,2,2,2,2,1,4,1,6,2,-38,-38,-38,-38,-38,-38,-38,-38,-38,-38,-38,-38,-38,-38,-38,-38,-38,-38,-38,-38,-38,-38,1,3,1,18,6,1,2,2,2,2,2,0,-46,-46,-46,-46,-46,-46,-46,1,2,-49,-49,-49,-49,-49,-49,-49,-49,-49,-49,2,2,2,6,7,2,1,51032,51032292008,39.1603495493091
604209,262009,3,4,1,1,2,1,38,1,-2,2,1,5,2,2,0,-9,-9,-9,-9,-9,1,1,3,2,-15,-15,-15,2,2,2,2,5,1,-17,4,2,2,0,1,1,1,8,8019,2,1,-20,-20,-20,-20,2,2,2,-22,-22,-22,-22,-22,-22,-22,-22,-22,-22,1,-23,2,2,2,3,2,-29,-29,-29,-29,-29,-29,-29,-29,-29,-29,-29,-29,-29,-29,-29,-29,-29,-29,-29,-29,-29,3,-33,-33,411,996,996,1,1,-34,-34,6,5,2,1,2,1,2,2,1,4,1,4,2,-38,-38,-38,-38,-38,-38,-38,-38,-38,-38,-38,-38,-38,-38,-38,-38,-38,-38,-38,-38,-38,-38,2,-43,-43,-43,-43,1,2,2,2,2,2,0,-46,-46,-46,-46,-46,-46,-46,2,1,2,1,2,2,2,2,2,2,2,2,2,2,2,-1,4,2,1,41012,41012262009,40.0319718414296
42208,82008,3,5,1,3,2,1,37,1,-2,2,1,7,-8,-8,0,-9,-9,-9,-9,-9,1,1,3,2,-15,-15,-15,2,2,6,2,5,1,-17,4,2,2,0,1,1,1,26,26035,1,1,-20,-20,-20,-20,1,2,2,-22,-22,-22,-22,-22,-22,-22,-22,-22,-22,2,1,-24,-24,-24,-24,-24,-24,-24,-24,-24,-24,-24,-24,-24,-24,-24,-24,-24,-24,-24,-24,-24,-24,-24,-24,-24,-24,2,-33,-33,959,922,996,2,99,2,2020,8,1,2,1,2,2,2,2,2,0,-36,-36,2,-38,-38,-38,-38,-38,-38,-38,-38,-38,-38,-38,-38,-38,-38,-38,-38,-38,-38,-38,-38,-38,-38,2,-43,-43,-43,-43,2,2,2,2,2,2,0,-46,-46,-46,-46,-46,-46,-46,2,1,1,2,2,2,2,2,2,2,2,2,2,2,2,-1,4,2,1,51032,51032082008,40.604378720685
29108,82008,3,5,1,3,2,1,48,1,-2,2,1,7,-8,-8,0,-9,-9,-9,-9,-9,1,1,3,2,-15,-15,-15,2,2,6,2,5,1,-17,4,2,2,0,1,1,1,26,26035,1,1,-20,-20,-20,-20,1,2,2,-22,-22,-22,-22,-22,-22,-22,-22,-22,-22,2,7,-24,-24,-24,-24,-24,-24,-24,-24,-24,-24,-24,-24,-24,-24,-24,-24,-24,-24,-24,-24,-24,-24,-24,-24,-24,-24,3,-33,-33,421,611,996,2,97,2,2020,7,1,2,1,2,2,2,2,1,0,-36,-36,2,-38,-38,-38,-38,-38,-38,-38,-38,-38,-38,-38,-38,-38,-38,-38,-38,-38,-38,-38,-38,-38,-38,2,-43,-43,-43,-43,2,2,2,2,2,2,0,-46,-46,-46,-46,-46,-46,-46,2,1,1,2,2,2,2,2,2,2,2,2,2,2,2,-1,4,2,1,51032,51032082008,40.604378720685
31309,32009,3,5,1,3,2,1,36,1,-2,2,1,7,-8,-8,0,-9,-9,-9,-9,-9,1,1,3,2,-15,-15,-15,2,2,6,2,5,1,-17,5,1,4,0,1,1,1,26,26016,1,2,1,26,26035,1,1,2,2,-22,-22,-22,-22,-22,-22,-22,-22,-22,-22,2,2,-24,-24,-24,-24,-24,-24,-24,-24,-24,-24,-24,-24,-24,-24,-24,-24,-24,-24,-24,-24,-24,-24,-24,-24,-24,-24,2,-33,-33,959,721,996,2,99,2,2020,9,1,2,1,2,2,2,2,2,0,-36,-36,2,-38,-38,-38,-38,-38,-38,-38,-38,-38,-38,-38,-38,-38,-38,-38,-38,-38,-38,-38,-38,-38,-38,2,-43,-43,-43,-43,2,2,2,2,2,2,0,-46,-46,-46,-46,-46,-46,-46,2,1,1,2,2,2,2,2,2,2,2,2,2,2,2,-1,4,2,1,51032,51032032009,43.3556455930769
29209,32009,3,5,1,3,2,2,35,1,-2,2,1,7,-8,-8,3,0,-10,-10,-10,0,1,1,3,3,-15,-15,-15,2,2,6,2,5,2,1,4,0,4,0,2,2,1,26,26036,2,1,-20,-20,-20,-20,2,2,2,-22,-22,-22,-22,-22,-22,-22,-22,-22,-22,2,2,-24,-24,-24,-24,-24,-24,-24,-24,-24,-24,-24,-24,-24,-24,-24,-24,-24,-24,-24,-24,-24,-24,-24,-24,-24,-24,2,-33,-33,321,996,996,2,97,2,2020,10,1,2,1,2,2,2,2,1,0,-36,-36,2,-38,-38,-38,-38,-38,-38,-38,-38,-38,-38,-38,-38,-38,-38,-38,-38,-38,-38,-38,-38,-38,-38,2,-43,-43,-43,-43,2,2,2,2,2,2,0,-46,-46,-46,-46,-46,-46,-46,2,1,2,1,2,2,2,2,2,2,2,2,2,2,2,-1,6,2,1,51032,51032032009,43.3556455930769
28309,32009,3,5,1,3,2,2,22,1,-2,2,1,7,-8,-8,0,-9,-9,-9,-9,-9,1,1,3,2,-15,-15,-15,2,2,6,2,6,2,2,5,2,3,0,3,2,1,26,26035,1,1,-20,-20,-20,-20,1,2,2,-22,-22,-22,-22,-22,-22,-22,-22,-22,-22,2,2,-24,-24,-24,-24,-24,-24,-24,-24,-24,-24,-24,-24,-24,-24,-24,-24,-24,-24,-24,-24,-24,-24,-24,-24,-24,-24,3,-33,-33,522,996,996,2,97,2,2020,5,2,2,1,2,2,2,2,1,4,1,6,2,-38,-38,-38,-38,-38,-38,-38,-38,-38,-38,-38,-38,-38,-38,-38,-38,-38,-38,-38,-38,-38,-38,2,-43,-43,-43,-43,2,2,2,2,2,2,0,-46,-46,-46,-46,-46,-46,-46,2,2,-49,-49,-49,-49,-49,-49,-49,-49,-49,-49,2,2,2,-1,4,2,1,51032,51032032009,43.3556455930769
88709,52009,3,5,1,5,3,1,24,1,-2,2,1,8,-8,-8,1,0,-10,-10,-10,1,1,1,3,2,-15,-15,-15,2,2,6,2,5,1,-17,2,0,2,0,0,1,1,14,14024,1,1,-20,-20,-20,-20,1,1,2,-22,-22,-22,-22,-22,-22,-22,-22,-22,-22,1,-23,2,6,-27,-27,2,-29,-29,-29,-29,-29,-29,-29,-29,-29,-29,-29,-29,-29,-29,-29,-29,-29,-29,-29,-29,-29,2,-33,-33,815,741,996,2,1,-34,-34,777,7,2,1,2,2,2,1,1,5,1,3,2,-38,-38,-38,-38,-38,-38,-38,-38,-38,-38,-38,-38,-38,-38,-38,-38,-38,-38,-38,-38,-38,-38,2,-43,-43,-43,-43,2,2,2,2,2,2,0,-46,-46,-46,-46,-46,-46,-46,1,2,-49,-49,-49,-49,-49,-49,-49,-49,-49,-49,2,2,2,-1,4,2,1,51053,51053052009,45.1297899468204
88609,52009,3,5,1,5,3,2,21,1,-2,2,1,8,-8,-8,1,0,-10,-10,-10,1,1,1,3,3,-15,-15,-15,2,2,6,2,5,2,1,2,0,2,0,0,2,1,14,14024,1,1,-20,-20,-20,-20,1,1,2,-22,-22,-22,-22,-22,-22,-22,-22,-22,-22,1,-23,1,-25,-25,-25,-25,923,1,2,2,-31,8,6,950,1,3,1,3,311,1,2,2,2,2,2,2,2,2,-33,-33,751,962,996,1,1,-34,-34,997,97,2,1,2,1,2,2,1,5,1,7,2,-38,-38,-38,-38,-38,-38,-38,-38,-38,-38,-38,-38,-38,-38,-38,-38,-38,-38,-38,-38,-38,-38,2,-43,-43,-43,-43,2,2,2,2,2,2,0,-46,-46,-46,-46,-46,-46,-46,2,2,-49,-49,-49,-49,-49,-49,-49,-49,-49,-49,2,2,2,2,6,2,1,51053,51053052009,45.1297899468204
82809,52009,3,5,1,5,3,1,45,1,-2,2,1,8,-8,-8,1,0,-10,-10,-10,1,1,1,3,3,-15,-15,-15,2,2,6,2,1,1,-17,2,0,2,0,1,2,1,18,18004,2,1,-20,-20,-20,-20,2,1,2,-22,-22,-22,-22,-22,-22,-22,-22,-22,-22,1,-23,2,6,-27,-27,6,-29,-29,-29,-29,-29,-29,-29,-29,-29,-29,-29,-29,-29,-29,-29,-29,-29,-29,-29,-29,-29,3,-33,-33,421,996,996,1,1,-34,-34,777,7,2,1,2,1,2,1,1,4,1,7,2,-38,-38,-38,-38,-38,-38,-38,-38,-38,-38,-38,-38,-38,-38,-38,-38,-38,-38,-38,-38,-38,-38,2,-43,-43,-43,-43,2,2,2,2,2,2,0,-46,-46,-46,-46,-46,-46,-46,2,1,2,1,2,2,2,2,2,2,2,2,2,2,2,-1,6,2,1,51053,51053052009,45.1297899468204
82709,52009,3,5,1,5,3,2,42,1,-2,2,1,8,-8,-8,1,0,-10,-10,-10,1,1,1,3,3,-15,-15,-15,2,2,6,2,1,2,1,2,0,2,0,1,2,1,18,18004,2,1,-20,-20,-20,-20,2,2,2,-22,-22,-22,-22,-22,-22,-22,-22,-22,-22,2,5,-24,-24,-24,-24,-24,-24,-24,-24,-24,-24,-24,-24,-24,-24,-24,-24,-24,-24,-24,-24,-24,-24,-24,-24,-24,-24,2,-33,-33,999,999,999,2,1,-34,-34,777,7,2,1,2,1,2,1,1,4,1,7,2,-38,-38,-38,-38,-38,-38,-38,-38,-38,-38,-38,-38,-38,-38,-38,-38,-38,-38,-38,-38,-38,-38,2,-43,-43,-43,-43,2,2,2,2,2,2,0,-46,-46,-46,-46,-46,-46,-46,2,2,-49,-49,-49,-49,-49,-49,-49,-49,-49,-49,2,2,2,-1,6,2,1,51053,51053052009,45.1297899468204
13007,222007,3,5,1,4,2,1,20,1,-2,2,1,7,-8,-8,1,0,-10,-10,-10,0,1,1,3,3,-15,-15,-15,2,2,6,2,6,2,2,6,1,5,0,1,2,1,25,25011,1,1,-20,-20,-20,-20,1,1,2,-22,-22,-22,-22,-22,-22,-22,-22,-22,-22,1,-23,2,6,-27,-27,2,-29,-29,-29,-29,-29,-29,-29,-29,-29,-29,-29,-29,-29,-29,-29,-29,-29,-29,-29,-29,-29,2,-33,-33,263,996,996,1,1,-34,-34,777,7,2,1,2,1,2,1,1,4,1,3,2,-38,-38,-38,-38,-38,-38,-38,-38,-38,-38,-38,-38,-38,-38,-38,-38,-38,-38,-38,-38,-38,-38,2,-43,-43,-43,-43,2,2,2,2,2,2,0,-46,-46,-46,-46,-46,-46,-46,1,2,-49,-49,-49,-49,-49,-49,-49,-49,-49,-49,2,2,2,-1,6,2,1,51042,51042222007,46.1326743957891
7407,222007,3,5,1,4,2,1,20,1,-2,2,1,7,-8,-8,1,0,-10,-10,-10,0,1,1,3,3,-15,-15,-15,2,2,6,2,6,2,2,5,1,4,0,3,2,1,25,25011,1,1,-20,-20,-20,-20,1,2,2,-22,-22,-22,-22,-22,-22,-22,-22,-22,-22,2,7,-24,-24,-24,-24,-24,-24,-24,-24,-24,-24,-24,-24,-24,-24,-24,-24,-24,-24,-24,-24,-24,-24,-24,-24,-24,-24,2,-33,-33,321,996,996,2,1,-34,-34,777,7,2,1,2,1,2,1,1,4,1,7,2,-38,-38,-38,-38,-38,-38,-38,-38,-38,-38,-38,-38,-38,-38,-38,-38,-38,-38,-38,-38,-38,-38,2,-43,-43,-43,-43,2,2,2,2,2,2,0,-46,-46,-46,-46,-46,-46,-46,1,1,2,1,2,2,2,2,2,2,2,2,2,2,2,-1,6,2,1,51042,51042222007,46.1326743957891
244508,302008,3,5,1,5,1,1,65,1,-2,2,1,3,2,2,1,0,-10,-10,-10,1,1,1,6,1,-14,-14,1,2,2,6,2,4,1,-17,5,1,3,1,2,2,1,14,14039,2,1,-20,-20,-20,-20,2,2,1,2,1,2,2,2,2,2,2,2,2,2,7,-24,-24,-24,-24,-24,-24,-24,-24,-24,-24,-24,-24,-24,-24,-24,-24,-24,-24,-24,-24,-24,-24,-24,-24,-24,-24,2,-33,-33,531,282,996,4,1,-34,-34,997,97,2,1,2,2,2,2,1,4,2,-37,2,-38,-38,-38,-38,-38,-38,-38,-38,-38,-38,-38,-38,-38,-38,-38,-38,-38,-38,-38,-38,-38,-38,2,-43,-43,-43,-43,2,2,2,2,2,2,0,-46,-46,-46,-46,-46,-46,-46,3,1,2,1,2,2,2,2,1,1,2,2,2,2,2,-1,2,2,1,51051,51051302008,46.4662779057841
240108,302008,3,5,1,5,1,2,48,1,-2,2,1,3,2,2,0,-9,-9,-9,-9,-9,1,1,3,3,-15,-15,-15,2,2,6,2,4,1,-17,1,-18,-18,-18,-18,-18,1,18,18001,2,1,-20,-20,-20,-20,2,2,2,-22,-22,-22,-22,-22,-22,-22,-22,-22,-22,2,5,-24,-24,-24,-24,-24,-24,-24,-24,-24,-24,-24,-24,-24,-24,-24,-24,-24,-24,-24,-24,-24,-24,-24,-24,-24,-24,3,-33,-33,522,996,996,4,97,2,2020,997,97,2,1,2,2,2,2,1,4,2,-37,2,-38,-38,-38,-38,-38,-38,-38,-38,-38,-38,-38,-38,-38,-38,-38,-38,-38,-38,-38,-38,-38,-38,2,-43,-43,-43,-43,2,2,2,2,2,2,0,-46,-46,-46,-46,-46,-46,-46,2,1,2,2,1,2,2,2,2,2,2,2,2,2,2,-1,6,2,1,51051,51051302008,46.4662779057841
672609,282009,3,5,1,2,2,1,39,1,-2,2,1,8,-8,-8,3,2,1,1,96,3,1,1,3,3,-15,-15,-15,2,2,6,2,5,1,-17,4,2,2,0,1,1,1,25,25001,2,1,-20,-20,-20,-20,2,1,1,1,2,2,2,1,2,2,2,2,2,1,-23,1,-25,-25,-25,-25,511,1,1,1,2,10,6,1800,1,3,1,3,722,1,2,2,-32,1,2,2,2,2,-33,-33,511,996,996,2,1,-34,-34,777,7,2,1,2,1,2,1,1,4,1,7,2,-38,-38,-38,-38,-38,-38,-38,-38,-38,-38,-38,-38,-38,-38,-38,-38,-38,-38,-38,-38,-38,-38,2,-43,-43,-43,-43,2,2,2,2,2,2,0,-46,-46,-46,-46,-46,-46,-46,2,1,2,1,2,2,2,2,2,2,2,2,2,2,2,5,6,2,1,51022,51022282009,50.9059712499778
743009,302009,3,7,1,2,2,1,46,1,-2,2,1,6,2,2,0,-9,-9,-9,-9,-9,1,1,6,1,-14,-14,1,2,2,6,2,1,1,-17,3,1,2,98,2,1,1,25,25006,2,1,-20,-20,-20,-20,2,1,2,-22,-22,-22,-22,-22,-22,-22,-22,-22,-22,2,2,-24,-24,-24,-24,-24,-24,-24,-24,-24,-24,-24,-24,-24,-24,-24,-24,-24,-24,-24,-24,-24,-24,-24,-24,-24,-24,2,-33,-33,998,996,996,2,1,-34,-34,1,5,2,2,2,1,1,1,1,4,1,4,2,-38,-38,-38,-38,-38,-38,-38,-38,-38,-38,-38,-38,-38,-38,-38,-38,-38,-38,-38,-38,-38,-38,98,-998,-998,-998,-998,-998,-998,-998,-998,-998,-998,-998,-998,-998,-998,-998,-998,-998,-998,-998,-998,-998,-998,-998,-998,-998,-998,-998,-998,-998,-998,-998,-998,-998,-1,2,2,1,71022,71022302009,52.9722317675154
34107,292007,3,5,1,2,2,1,37,1,-2,2,1,7,-8,-8,0,-9,-9,-9,-9,-9,1,1,3,3,-15,-15,-15,2,2,6,2,5,1,-17,4,2,2,0,1,1,1,18,18004,2,1,-20,-20,-20,-20,2,1,2,-22,-22,-22,-22,-22,-22,-22,-22,-22,-22,1,-23,2,6,-27,-27,6,-29,-29,-29,-29,-29,-29,-29,-29,-29,-29,-29,-29,-29,-29,-29,-29,-29,-29,-29,-29,-29,3,-33,-33,421,996,996,1,1,-34,-34,777,7,2,1,2,2,2,2,1,4,1,3,2,-38,-38,-38,-38,-38,-38,-38,-38,-38,-38,-38,-38,-38,-38,-38,-38,-38,-38,-38,-38,-38,-38,2,-43,-43,-43,-43,2,2,2,2,2,2,0,-46,-46,-46,-46,-46,-46,-46,2,2,-49,-49,-49,-49,-49,-49,-49,-49,-49,-49,2,2,2,-1,6,2,1,51022,51022292007,55.0446683830899
33007,292007,3,5,1,2,2,1,31,1,-2,2,1,7,-8,-8,1,0,-10,-10,-10,1,1,1,3,2,-15,-15,-15,2,2,6,2,5,1,-17,2,0,2,0,0,1,1,25,25006,99,1,-20,-20,-20,-20,99,1,2,-22,-22,-22,-22,-22,-22,-22,-22,-22,-22,1,-23,2,6,-27,-27,2,-29,-29,-29,-29,-29,-29,-29,-29,-29,-29,-29,-29,-29,-29,-29,-29,-29,-29,-29,-29,-29,2,-33,-33,511,265,996,2,1,-34,-34,777,7,2,1,2,1,2,1,1,4,1,3,2,-38,-38,-38,-38,-38,-38,-38,-38,-38,-38,-38,-38,-38,-38,-38,-38,-38,-38,-38,-38,-38,-38,2,-43,-43,-43,-43,2,2,2,2,2,2,0,-46,-46,-46,-46,-46,-46,-46,2,2,-49,-49,-49,-49,-49,-49,-49,-49,-49,-49,2,2,2,-1,4,2,1,51022,51022292007,55.0446683830899
32907,292007,3,5,1,2,2,2,28,1,-2,2,1,7,-8,-8,1,0,-10,-10,-10,1,1,1,3,6,-15,-15,-15,2,2,6,2,5,2,1,2,0,2,0,0,2,1,25,25006,2,2,1,25,25006,99,2,1,2,-22,-22,-22,-22,-22,-22,-22,-22,-22,-22,2,5,-24,-24,-24,-24,-24,-24,-24,-24,-24,-24,-24,-24,-24,-24,-24,-24,-24,-24,-24,-24,-24,-24,-24,-24,-24,-24,2,-33,-33,815,996,996,2,1,-34,-34,777,7,2,1,2,1,2,2,1,4,1,7,2,-38,-38,-38,-38,-38,-38,-38,-38,-38,-38,-38,-38,-38,-38,-38,-38,-38,-38,-38,-38,-38,-38,2,-43,-43,-43,-43,2,2,2,2,2,2,0,-46,-46,-46,-46,-46,-46,-46,2,2,-49,-49,-49,-49,-49,-49,-49,-49,-49,-49,2,2,2,-1,7,2,1,51022,51022292007,55.0446683830899
10108,22008,3,5,1,2,2,2,31,1,-2,2,1,7,-8,-8,0,-9,-9,-9,-9,-9,1,1,3,3,-15,-15,-15,2,2,6,2,6,1,-17,1,-18,-18,-18,-18,-18,1,26,26058,1,1,-20,-20,-20,-20,1,2,2,-22,-22,-22,-22,-22,-22,-22,-22,-22,-22,2,7,-24,-24,-24,-24,-24,-24,-24,-24,-24,-24,-24,-24,-24,-24,-24,-24,-24,-24,-24,-24,-24,-24,-24,-24,-24,-24,3,-33,-33,421,996,996,2,97,1,-35,777,7,2,1,2,1,2,1,1,4,1,4,2,-38,-38,-38,-38,-38,-38,-38,-38,-38,-38,-38,-38,-38,-38,-38,-38,-38,-38,-38,-38,-38,-38,2,-43,-43,-43,-43,2,2,2,2,2,2,0,-46,-46,-46,-46,-46,-46,-46,2,1,2,1,2,2,2,2,2,2,2,2,2,2,2,-1,6,2,1,51022,51022022008,55.8724071943061
8308,22008,3,5,1,2,2,2,29,1,-2,2,1,3,2,2,0,-9,-9,-9,-9,-9,1,1,3,3,-15,-15,-15,2,2,6,2,5,2,1,2,0,2,0,1,2,1,14,14120,2,1,-20,-20,-20,-20,2,2,2,-22,-22,-22,-22,-22,-22,-22,-22,-22,-22,2,5,-24,-24,-24,-24,-24,-24,-24,-24,-24,-24,-24,-24,-24,-24,-24,-24,-24,-24,-24,-24,-24,-24,-24,-24,-24,-24,3,-33,-33,997,997,997,4,1,-34,-34,997,97,2,1,2,2,2,2,1,4,2,-37,2,-38,-38,-38,-38,-38,-38,-38,-38,-38,-38,-38,-38,-38,-38,-38,-38,-38,-38,-38,-38,-38,-38,2,-43,-43,-43,-43,2,2,2,2,2,2,0,-46,-46,-46,-46,-46,-46,-46,2,1,2,1,2,2,2,2,2,2,2,2,2,2,2,-1,6,2,1,51022,51022022008,55.8724071943061
256308,312008,3,5,1,2,2,1,29,1,-2,2,1,7,-8,-8,0,-9,-9,-9,-9,-9,1,1,3,10,-15,-15,-15,2,2,6,2,6,1,-17,1,-18,-18,-18,-18,-18,1,14,14039,2,2,1,26,26030,2,2,2,2,-22,-22,-22,-22,-22,-22,-22,-22,-22,-22,1,-23,2,6,-27,-27,6,-29,-29,-29,-29,-29,-29,-29,-29,-29,-29,-29,-29,-29,-29,-29,-29,-29,-29,-29,-29,-29,3,-33,-33,522,996,996,3,97,2,2020,997,97,2,1,2,1,2,2,1,4,1,6,2,-38,-38,-38,-38,-38,-38,-38,-38,-38,-38,-38,-38,-38,-38,-38,-38,-38,-38,-38,-38,-38,-38,2,-43,-43,-43,-43,2,2,2,2,2,2,0,-46,-46,-46,-46,-46,-46,-46,2,1,2,2,1,2,2,2,2,2,2,2,2,2,2,-1,7,2,1,51022,51022312008,56.7448891152235
567409,212009,3,5,1,5,3,2,45,1,-2,2,1,8,-8,-8,0,-9,-9,-9,-9,-9,1,1,3,3,-15,-15,-15,2,2,6,2,3,1,-17,1,-18,-18,-18,-18,-18,1,25,25012,2,1,-20,-20,-20,-20,2,1,2,-22,-22,-22,-22,-22,-22,-22,-22,-22,-22,1,-23,2,2,2,5,6,-29,-29,-29,-29,-29,-29,-29,-29,-29,-29,-29,-29,-29,-29,-29,-29,-29,-29,-29,-29,-29,2,-33,-33,815,996,996,1,1,-34,-34,777,7,2,1,2,1,2,1,1,4,1,3,2,-38,-38,-38,-38,-38,-38,-38,-38,-38,-38,-38,-38,-38,-38,-38,-38,-38,-38,-38,-38,-38,-38,2,-43,-43,-43,-43,2,2,2,2,2,2,0,-46,-46,-46,-46,-46,-46,-46,1,2,-49,-49,-49,-49,-49,-49,-49,-49,-49,-49,2,2,2,-1,6,2,1,51053,51053212009,56.9250759556484
558809,212009,3,5,1,5,3,1,34,1,-2,2,1,7,-8,-8,1,0,-10,-10,-10,0,1,1,2,9,-15,-15,-15,2,2,3,2,5,1,-17,4,2,2,0,1,1,1,17,17007,2,2,1,26,26030,2,2,1,2,-22,-22,-22,-22,-22,-22,-22,-22,-22,-22,1,-23,1,-25,-25,-25,-25,263,1,1,1,2,8,6,2500,1,3,1,4,713,1,2,2,-32,2,2,2,2,2,-33,-33,263,834,996,3,1,-34,-34,3,2,2,1,2,2,2,2,1,3,1,6,2,-38,-38,-38,-38,-38,-38,-38,-38,-38,-38,-38,-38,-38,-38,-38,-38,-38,-38,-38,-38,-38,-38,2,-43,-43,-43,-43,2,2,2,2,2,2,0,-46,-46,-46,-46,-46,-46,-46,2,1,2,1,2,2,2,2,2,2,2,2,2,2,2,6,7,2,1,51053,51053212009,56.9250759556484
557409,212009,3,5,1,5,3,1,33,1,-2,2,1,8,-8,-8,0,-9,-9,-9,-9,-9,1,1,3,3,-15,-15,-15,2,2,6,2,6,1,-17,1,-18,-18,-18,-18,-18,1,25,25015,2,1,-20,-20,-20,-20,2,2,2,-22,-22,-22,-22,-22,-22,-22,-22,-22,-22,1,-23,2,2,1,5,3,-29,-29,-29,-29,-29,-29,-29,-29,-29,-29,-29,-29,-29,-29,-29,-29,-29,-29,-29,-29,-29,3,-33,-33,923,421,996,1,1,-34,-34,777,7,2,1,2,1,2,2,1,4,1,7,2,-38,-38,-38,-38,-38,-38,-38,-38,-38,-38,-38,-38,-38,-38,-38,-38,-38,-38,-38,-38,-38,-38,2,-43,-43,-43,-43,2,2,2,2,2,2,0,-46,-46,-46,-46,-46,-46,-46,2,1,1,2,2,2,2,2,2,2,2,2,2,2,2,-1,6,2,1,51053,51053212009,56.9250759556484
96508,152008,3,4,1,3,1,1,24,1,-2,2,1,7,-8,-8,0,-9,-9,-9,-9,-9,1,1,3,3,-15,-15,-15,2,2,6,2,5,1,-17,2,0,2,0,2,1,1,5,5010,2,1,-20,-20,-20,-20,2,1,2,-22,-22,-22,-22,-22,-22,-22,-22,-22,-22,1,-23,1,-25,-25,-25,-25,411,1,2,2,-31,8,6,1000,1,3,1,2,461,1,2,2,-32,2,2,2,2,3,-33,-33,411,996,996,2,1,-34,-34,997,97,2,1,2,1,2,1,1,4,1,4,2,-38,-38,-38,-38,-38,-38,-38,-38,-38,-38,-38,-38,-38,-38,-38,-38,-38,-38,-38,-38,-38,-38,2,-43,-43,-43,-43,2,2,2,2,2,2,0,-46,-46,-46,-46,-46,-46,-46,1,1,1,2,2,2,2,2,2,2,2,2,2,2,2,4,6,2,1,41031,41031152008,60.0479590675348
564409,222009,3,4,1,2,2,1,35,1,-2,2,1,5,2,2,0,-9,-9,-9,-9,-9,1,1,3,2,-15,-15,-15,2,2,6,2,1,1,-17,4,1,3,0,3,1,1,8,8036,2,1,-20,-20,-20,-20,2,2,2,-22,-22,-22,-22,-22,-22,-22,-22,-22,-22,2,7,-24,-24,-24,-24,-24,-24,-24,-24,-24,-24,-24,-24,-24,-24,-24,-24,-24,-24,-24,-24,-24,-24,-24,-24,-24,-24,3,-33,-33,421,996,996,3,7,2,2020,2,3,2,1,2,2,2,2,1,5,1,4,2,-38,-38,-38,-38,-38,-38,-38,-38,-38,-38,-38,-38,-38,-38,-38,-38,-38,-38,-38,-38,-38,-38,2,-43,-43,-43,-43,2,2,2,2,2,2,1,-47,2015,2,2,2,-48,3,1,1,1,2,2,2,2,2,2,2,2,2,2,2,2,-1,4,2,1,41022,41022222009,60.0479590675348
563309,222009,3,4,1,2,2,1,22,1,-2,2,1,1,2,2,0,-9,-9,-9,-9,-9,1,1,2,9,-15,-15,-15,2,2,2,2,6,2,2,7,2,3,2,2,2,1,8,8027,1,1,-20,-20,-20,-20,1,2,1,1,2,2,2,2,2,2,2,2,2,2,4,-24,-24,-24,-24,-24,-24,-24,-24,-24,-24,-24,-24,-24,-24,-24,-24,-24,-24,-24,-24,-24,-24,-24,-24,-24,-24,3,-33,-33,999,996,996,6,2,2,2020,6,5,2,1,2,2,2,2,1,4,2,-37,2,-38,-38,-38,-38,-38,-38,-38,-38,-38,-38,-38,-38,-38,-38,-38,-38,-38,-38,-38,-38,-38,-38,1,6,1,3,6,2,2,2,2,2,2,0,-46,-46,-46,-46,-46,-46,-46,1,1,2,1,2,2,2,2,2,2,2,2,2,2,2,-1,7,2,1,41022,41022222009,60.0479590675348
34309,32009,3,4,1,3,2,1,41,1,-2,2,1,5,2,2,0,-9,-9,-9,-9,-9,1,1,3,2,-15,-15,-15,2,2,6,2,5,1,-17,4,2,2,0,1,1,1,32,32010,2,1,-20,-20,-20,-20,2,2,2,-22,-22,-22,-22,-22,-22,-22,-22,-22,-22,1,-23,2,2,1,3,2,-29,-29,-29,-29,-29,-29,-29,-29,-29,-29,-29,-29,-29,-29,-29,-29,-29,-29,-29,-29,-29,2,-33,-33,712,713,996,1,1,-34,-34,5,3,2,1,2,1,2,1,1,4,1,2,2,-38,-38,-38,-38,-38,-38,-38,-38,-38,-38,-38,-38,-38,-38,-38,-38,-38,-38,-38,-38,-38,-38,2,-43,-43,-43,-43,2,2,2,2,2,2,1,-47,2000,1,2,1,236,3,1,1,2,1,2,2,2,2,2,2,2,2,2,2,2,-1,4,2,1,41032,41032032009,60.0479590675348
3109,12009,3,4,1,2,2,1,40,1,-2,2,1,5,2,2,0,-9,-9,-9,-9,-9,1,1,3,2,-15,-15,-15,2,2,6,2,5,1,-17,5,2,3,0,1,1,1,8,8021,2,1,-20,-20,-20,-20,2,2,2,-22,-22,-22,-22,-22,-22,-22,-22,-22,-22,2,2,-24,-24,-24,-24,-24,-24,-24,-24,-24,-24,-24,-24,-24,-24,-24,-24,-24,-24,-24,-24,-24,-24,-24,-24,-24,-24,3,-33,-33,819,713,996,2,1,-34,-34,3,5,2,1,2,1,2,1,1,4,1,7,2,-38,-38,-38,-38,-38,-38,-38,-38,-38,-38,-38,-38,-38,-38,-38,-38,-38,-38,-38,-38,-38,-38,2,-43,-43,-43,-43,2,2,2,2,2,2,0,-46,-46,-46,-46,-46,-46,-46,1,1,2,1,2,2,2,2,2,2,2,2,2,2,2,-1,4,2,1,41022,41022012009,60.0479590675348
671509,262009,3,5,1,5,2,1,26,1,-2,2,1,7,-8,-8,0,-9,-9,-9,-9,-9,1,1,3,3,-15,-15,-15,2,2,6,2,6,1,-17,1,-18,-18,-18,-18,-18,1,26,26001,1,1,-20,-20,-20,-20,1,2,2,-22,-22,-22,-22,-22,-22,-22,-22,-22,-22,1,-23,2,2,1,5,2,-29,-29,-29,-29,-29,-29,-29,-29,-29,-29,-29,-29,-29,-29,-29,-29,-29,-29,-29,-29,-29,3,-33,-33,712,922,996,1,1,-34,-34,997,97,2,1,2,1,2,1,1,4,1,2,2,-38,-38,-38,-38,-38,-38,-38,-38,-38,-38,-38,-38,-38,-38,-38,-38,-38,-38,-38,-38,-38,-38,2,-43,-43,-43,-43,2,2,2,2,2,2,0,-46,-46,-46,-46,-46,-46,-46,2,2,-49,-49,-49,-49,-49,-49,-49,-49,-49,-49,2,2,2,-1,6,2,1,51052,51052262009,61.5697200868233
670409,262009,3,5,1,5,2,2,42,1,-2,2,1,8,-8,-8,1,1,1,1,96,1,1,1,3,3,-15,-15,-15,2,2,6,2,2,1,-17,2,1,1,0,1,1,1,25,25010,1,1,-20,-20,-20,-20,1,1,1,1,2,1,2,1,2,2,2,2,2,1,-23,2,6,-27,-27,2,-29,-29,-29,-29,-29,-29,-29,-29,-29,-29,-29,-29,-29,-29,-29,-29,-29,-29,-29,-29,-29,3,-33,-33,521,996,996,1,1,-34,-34,777,7,2,1,2,1,2,1,1,4,1,6,2,-38,-38,-38,-38,-38,-38,-38,-38,-38,-38,-38,-38,-38,-38,-38,-38,-38,-38,-38,-38,-38,-38,2,-43,-43,-43,-43,2,2,2,2,2,2,0,-46,-46,-46,-46,-46,-46,-46,1,1,1,2,2,2,2,2,2,2,2,2,2,2,2,-1,6,2,1,51052,51052262009,61.5697200868233
610109,262009,3,5,1,5,2,1,23,1,-2,2,1,7,-8,-8,0,-9,-9,-9,-9,-9,1,1,3,3,-15,-15,-15,2,2,6,2,6,2,2,7,1,5,1,3,1,1,26,26025,2,1,-20,-20,-20,-20,2,2,1,2,1,2,2,2,2,2,2,2,2,1,-23,2,2,5,3,2,-29,-29,-29,-29,-29,-29,-29,-29,-29,-29,-29,-29,-29,-29,-29,-29,-29,-29,-29,-29,-29,2,-33,-33,531,996,996,2,1,-34,-34,997,97,2,1,2,1,2,2,1,4,1,7,2,-38,-38,-38,-38,-38,-38,-38,-38,-38,-38,-38,-38,-38,-38,-38,-38,-38,-38,-38,-38,-38,-38,2,-43,-43,-43,-43,2,2,2,2,2,2,0,-46,-46,-46,-46,-46,-46,-46,2,2,-49,-49,-49,-49,-49,-49,-49,-49,-49,-49,2,2,2,-1,6,2,1,51052,51052262009,61.5697200868233
609209,262009,3,5,1,5,2,1,35,1,-2,2,1,7,-8,-8,0,-9,-9,-9,-9,-9,1,1,3,2,-15,-15,-15,2,2,6,2,2,1,-17,1,-18,-18,-18,-18,-18,1,25,25006,2,1,-20,-20,-20,-20,2,2,2,-22,-22,-22,-22,-22,-22,-22,-22,-22,-22,1,-23,1,-25,-25,-25,-25,611,1,2,2,-31,8,5,200,1,2,1,5,111,6,2,2,-32,2,2,2,2,2,-33,-33,611,712,996,1,1,-34,-34,997,97,2,1,2,1,2,1,1,4,1,3,2,-38,-38,-38,-38,-38,-38,-38,-38,-38,-38,-38,-38,-38,-38,-38,-38,-38,-38,-38,-38,-38,-38,2,-43,-43,-43,-43,2,2,2,2,2,2,0,-46,-46,-46,-46,-46,-46,-46,2,2,-49,-49,-49,-49,-49,-49,-49,-49,-49,-49,2,2,2,1,4,2,1,51052,51052262009,61.5697200868233
484209,192009,3,5,1,5,2,1,38,1,-2,2,1,7,-8,-8,0,-9,-9,-9,-9,-9,1,1,3,3,-15,-15,-15,2,2,6,2,2,1,-17,1,-18,-18,-18,-18,-18,1,18,18001,2,1,-20,-20,-20,-20,2,1,2,-22,-22,-22,-22,-22,-22,-22,-22,-22,-22,1,-23,2,2,5,3,1,-29,-29,-29,-29,-29,-29,-29,-29,-29,-29,-29,-29,-29,-29,-29,-29,-29,-29,-29,-29,-29,2,-33,-33,611,996,996,2,1,-34,-34,997,97,2,1,2,1,2,2,1,4,1,7,2,-38,-38,-38,-38,-38,-38,-38,-38,-38,-38,-38,-38,-38,-38,-38,-38,-38,-38,-38,-38,-38,-38,2,-43,-43,-43,-43,2,2,2,2,2,2,0,-46,-46,-46,-46,-46,-46,-46,2,2,-49,-49,-49,-49,-49,-49,-49,-49,-49,-49,2,2,2,-1,6,2,1,51052,51052192009,64.1416863037564
483209,192009,3,5,1,5,2,1,19,1,-2,2,1,7,-8,-8,0,-9,-9,-9,-9,-9,1,1,3,5,-15,-15,-15,2,2,6,2,6,2,2,8,0,8,0,3,2,1,25,25001,1,1,-20,-20,-20,-20,1,1,2,-22,-22,-22,-22,-22,-22,-22,-22,-22,-22,1,-23,2,2,2,5,3,-29,-29,-29,-29,-29,-29,-29,-29,-29,-29,-29,-29,-29,-29,-29,-29,-29,-29,-29,-29,-29,2,-33,-33,621,922,996,2,1,-34,-34,4,6,2,1,2,1,97,1,1,4,1,3,2,-38,-38,-38,-38,-38,-38,-38,-38,-38,-38,-38,-38,-38,-38,-38,-38,-38,-38,-38,-38,-38,-38,2,-43,-43,-43,-43,2,2,2,2,2,2,0,-46,-46,-46,-46,-46,-46,-46,2,1,1,2,2,2,2,2,2,2,2,2,2,2,2,-1,6,2,1,51052,51052192009,64.1416863037564
480209,192009,3,5,1,5,2,2,25,1,-2,2,1,5,2,2,0,-9,-9,-9,-9,-9,1,1,3,3,-15,-15,-15,2,2,6,2,6,2,2,3,0,3,0,2,2,1,26,26029,2,1,-20,-20,-20,-20,2,2,2,-22,-22,-22,-22,-22,-22,-22,-22,-22,-22,1,-23,2,2,3,5,6,-29,-29,-29,-29,-29,-29,-29,-29,-29,-29,-29,-29,-29,-29,-29,-29,-29,-29,-29,-29,-29,2,-33,-33,421,996,996,1,1,-34,-34,997,97,2,1,2,1,2,1,1,4,1,3,2,-38,-38,-38,-38,-38,-38,-38,-38,-38,-38,-38,-38,-38,-38,-38,-38,-38,-38,-38,-38,-38,-38,2,-43,-43,-43,-43,2,2,2,2,2,2,0,-46,-46,-46,-46,-46,-46,-46,2,2,-49,-49,-49,-49,-49,-49,-49,-49,-49,-49,2,2,2,-1,6,2,1,51052,51052192009,64.1416863037564
480109,192009,3,5,1,5,2,2,54,1,-2,2,1,3,2,2,1,0,-10,-10,-10,1,1,1,3,3,-15,-15,-15,2,2,6,2,5,2,1,3,0,3,0,2,2,1,26,26029,2,1,-20,-20,-20,-20,2,2,2,-22,-22,-22,-22,-22,-22,-22,-22,-22,-22,2,5,-24,-24,-24,-24,-24,-24,-24,-24,-24,-24,-24,-24,-24,-24,-24,-24,-24,-24,-24,-24,-24,-24,-24,-24,-24,-24,3,-33,-33,998,996,996,4,97,2,2020,997,97,2,1,2,2,2,2,1,4,2,-37,2,-38,-38,-38,-38,-38,-38,-38,-38,-38,-38,-38,-38,-38,-38,-38,-38,-38,-38,-38,-38,-38,-38,2,-43,-43,-43,-43,2,2,2,2,2,2,0,-46,-46,-46,-46,-46,-46,-46,2,1,2,1,2,2,2,2,1,2,2,2,2,2,2,-1,6,2,1,51052,51052192009,64.1416863037564
99808,132008,3,5,1,5,2,2,22,1,-2,2,1,3,2,2,0,-9,-9,-9,-9,-9,1,1,3,3,-15,-15,-15,2,2,6,2,6,2,2,4,0,4,0,2,2,1,14,14039,2,1,-20,-20,-20,-20,2,2,2,-22,-22,-22,-22,-22,-22,-22,-22,-22,-22,1,-23,2,6,-27,-27,6,-29,-29,-29,-29,-29,-29,-29,-29,-29,-29,-29,-29,-29,-29,-29,-29,-29,-29,-29,-29,-29,3,-33,-33,421,996,996,4,1,-34,-34,997,97,2,1,2,1,2,1,1,4,97,97,2,-38,-38,-38,-38,-38,-38,-38,-38,-38,-38,-38,-38,-38,-38,-38,-38,-38,-38,-38,-38,-38,-38,2,-43,-43,-43,-43,2,2,2,2,2,2,0,-46,-46,-46,-46,-46,-46,-46,1,2,-49,-49,-49,-49,-49,-49,-49,-49,-49,-49,2,2,2,-1,6,2,1,51052,51052132008,70.7717160529683
73908,132008,3,5,1,5,2,2,28,1,-2,2,1,7,-8,-8,0,-9,-9,-9,-9,-9,1,1,4,9,-15,-15,-15,2,2,2,2,6,1,-17,1,-18,-18,-18,-18,-18,1,26,26030,2,1,-20,-20,-20,-20,2,2,2,-22,-22,-22,-22,-22,-22,-22,-22,-22,-22,1,-23,1,-25,-25,-25,-25,271,1,1,1,2,10,5,5200,1,3,1,5,541,1,2,2,2,2,2,2,2,2,-33,-33,271,996,996,3,99,2,2020,10,1,2,1,2,2,2,2,2,0,-36,-36,2,-38,-38,-38,-38,-38,-38,-38,-38,-38,-38,-38,-38,-38,-38,-38,-38,-38,-38,-38,-38,-38,-38,1,6,1,5,6,2,2,2,2,2,2,0,-46,-46,-46,-46,-46,-46,-46,2,1,2,1,2,2,2,2,2,2,2,2,2,2,2,6,7,2,1,51052,51052132008,70.7717160529683
510309,182009,3,2,1,4,3,1,37,1,-2,2,1,2,2,2,1,0,-10,-10,-10,1,1,1,2,2,-15,-15,-15,2,2,6,2,1,2,1,2,0,2,0,2,2,1,24,24028,2,1,-20,-20,-20,-20,2,2,2,-22,-22,-22,-22,-22,-22,-22,-22,-22,-22,2,1,-24,-24,-24,-24,-24,-24,-24,-24,-24,-24,-24,-24,-24,-24,-24,-24,-24,-24,-24,-24,-24,-24,-24,-24,-24,-24,2,-33,-33,712,713,996,2,1,-34,-34,777,7,2,1,2,1,2,1,1,4,1,7,2,-38,-38,-38,-38,-38,-38,-38,-38,-38,-38,-38,-38,-38,-38,-38,-38,-38,-38,-38,-38,-38,-38,2,-43,-43,-43,-43,2,2,2,2,2,2,0,-46,-46,-46,-46,-46,-46,-46,1,2,-49,-49,-49,-49,-49,-49,-49,-49,-49,-49,2,2,2,-1,3,2,1,21043,21043182009,72.4320597820909
63308,112008,3,5,1,4,2,2,19,1,-2,2,1,3,2,2,0,-9,-9,-9,-9,-9,1,1,3,3,-15,-15,-15,2,2,6,2,6,2,2,7,1,6,0,1,2,1,25,25015,2,1,-20,-20,-20,-20,2,2,2,-22,-22,-22,-22,-22,-22,-22,-22,-22,-22,2,4,-24,-24,-24,-24,-24,-24,-24,-24,-24,-24,-24,-24,-24,-24,-24,-24,-24,-24,-24,-24,-24,-24,-24,-24,-24,-24,2,-33,-33,217,996,996,4,1,-34,-34,997,97,2,1,2,2,2,2,1,4,2,-37,2,-38,-38,-38,-38,-38,-38,-38,-38,-38,-38,-38,-38,-38,-38,-38,-38,-38,-38,-38,-38,-38,-38,2,-43,-43,-43,-43,2,2,2,2,2,2,0,-46,-46,-46,-46,-46,-46,-46,1,1,1,2,2,2,2,2,2,2,2,2,2,2,2,-1,6,2,1,51042,51042112008,73.3928911774532
168009,72009,3,4,1,2,3,1,36,1,-2,2,1,7,-8,-8,0,-9,-9,-9,-9,-9,1,1,6,1,-14,-14,1,2,1,6,2,5,1,-17,4,1,3,97,2,1,1,26,26012,97,2,1,26,26009,97,97,1,1,1,2,2,2,2,2,2,2,2,2,1,-23,1,-25,-25,-25,-25,952,5,-30,2,-31,12,6,1500,1,3,1,1,461,4,2,2,-32,2,2,2,2,98,97,97,411,741,996,2,1,-34,-34,1,6,2,1,2,1,2,1,1,4,1,4,2,-38,-38,-38,-38,-38,-38,-38,-38,-38,-38,-38,-38,-38,-38,-38,-38,-38,-38,-38,-38,-38,-38,2,-43,-43,-43,-43,2,2,2,2,2,97,0,-46,-46,-46,-46,-46,-46,-46,2,1,1,2,2,2,2,2,2,2,2,2,2,2,2,4,2,2,1,41023,41023072009,80.06394629364
103108,182008,3,4,1,3,1,2,66,1,-2,2,1,3,2,2,2,0,-10,-10,-10,2,1,1,6,1,-14,-14,1,2,2,6,2,4,2,4,3,0,2,1,1,2,1,11,11015,2,1,-20,-20,-20,-20,2,2,1,2,1,2,2,2,2,2,2,2,2,2,5,-24,-24,-24,-24,-24,-24,-24,-24,-24,-24,-24,-24,-24,-24,-24,-24,-24,-24,-24,-24,-24,-24,-24,-24,-24,-24,3,-33,-33,999,996,996,4,1,-34,-34,1,6,2,1,2,2,2,2,1,4,2,-37,2,-38,-38,-38,-38,-38,-38,-38,-38,-38,-38,-38,-38,-38,-38,-38,-38,-38,-38,-38,-38,-38,-38,2,-43,-43,-43,-43,2,2,2,2,2,2,0,-46,-46,-46,-46,-46,-46,-46,4,1,2,1,2,2,2,2,1,1,2,2,2,2,2,-1,2,2,1,41031,41031182008,84.0671426945488
205108,282008,3,5,1,3,3,2,45,1,-2,2,1,3,2,2,0,-9,-9,-9,-9,-9,1,1,3,3,-15,-15,-15,2,2,6,2,4,1,-17,1,-18,-18,-18,-18,-18,1,26,26058,1,1,-20,-20,-20,-20,1,2,2,-22,-22,-22,-22,-22,-22,-22,-22,-22,-22,2,5,-24,-24,-24,-24,-24,-24,-24,-24,-24,-24,-24,-24,-24,-24,-24,-24,-24,-24,-24,-24,-24,-24,-24,-24,-24,-24,3,-33,-33,998,996,996,4,97,2,2020,997,97,2,1,2,2,1,2,1,4,2,-37,2,-38,-38,-38,-38,-38,-38,-38,-38,-38,-38,-38,-38,-38,-38,-38,-38,-38,-38,-38,-38,-38,-38,1,3,1,20,6,2,2,2,2,2,2,0,-46,-46,-46,-46,-46,-46,-46,1,1,2,1,2,2,2,2,1,2,2,2,2,2,2,-1,6,2,1,51033,51033282008,86.0362038894327
203808,282008,3,5,1,3,3,2,22,1,-2,2,1,7,-8,-8,0,-9,-9,-9,-9,-9,1,1,3,3,-15,-15,-15,2,2,6,2,6,2,2,5,0,4,1,1,2,1,26,26036,2,1,-20,-20,-20,-20,2,1,1,2,1,2,2,2,2,2,2,2,2,2,5,-24,-24,-24,-24,-24,-24,-24,-24,-24,-24,-24,-24,-24,-24,-24,-24,-24,-24,-24,-24,-24,-24,-24,-24,-24,-24,2,-33,-33,511,996,996,2,1,-34,-34,997,97,2,1,2,1,2,2,1,4,1,3,2,-38,-38,-38,-38,-38,-38,-38,-38,-38,-38,-38,-38,-38,-38,-38,-38,-38,-38,-38,-38,-38,-38,2,-43,-43,-43,-43,2,2,2,2,2,2,0,-46,-46,-46,-46,-46,-46,-46,2,1,1,2,2,2,2,2,2,2,2,2,2,2,2,-1,6,2,1,51033,51033282008,86.0362038894327
102308,172008,3,5,1,1,2,1,48,1,-2,2,1,7,-8,-8,1,0,-10,-10,-10,0,1,1,3,2,-15,-15,-15,2,2,6,2,5,1,-17,5,2,3,0,1,1,1,8,8002,2,2,1,26,26035,1,2,2,2,-22,-22,-22,-22,-22,-22,-22,-22,-22,-22,2,2,-24,-24,-24,-24,-24,-24,-24,-24,-24,-24,-24,-24,-24,-24,-24,-24,-24,-24,-24,-24,-24,-24,-24,-24,-24,-24,2,-33,-33,959,751,996,3,99,2,2020,8,1,2,1,2,2,2,2,2,0,-36,-36,2,-38,-38,-38,-38,-38,-38,-38,-38,-38,-38,-38,-38,-38,-38,-38,-38,-38,-38,-38,-38,-38,-38,2,-43,-43,-43,-43,2,2,2,2,2,2,1,-47,1998,2,2,2,-48,3,2,1,1,2,2,2,2,2,1,2,2,2,2,2,2,-1,4,2,1,51012,51012172008,87.1036506056285
102208,172008,3,5,1,1,2,1,39,1,-2,2,1,7,-8,-8,1,0,-10,-10,-10,0,1,1,1,3,-15,-15,-15,2,2,6,2,1,1,-17,4,2,2,0,1,1,1,26,26035,1,1,-20,-20,-20,-20,1,2,2,-22,-22,-22,-22,-22,-22,-22,-22,-22,-22,2,2,-24,-24,-24,-24,-24,-24,-24,-24,-24,-24,-24,-24,-24,-24,-24,-24,-24,-24,-24,-24,-24,-24,-24,-24,-24,-24,2,-33,-33,959,712,996,3,97,2,2020,8,1,2,1,2,2,2,2,1,0,-36,-36,2,-38,-38,-38,-38,-38,-38,-38,-38,-38,-38,-38,-38,-38,-38,-38,-38,-38,-38,-38,-38,-38,-38,2,-43,-43,-43,-43,2,2,2,2,2,2,0,-46,-46,-46,-46,-46,-46,-46,2,1,1,2,2,2,2,2,2,2,2,2,2,2,2,-1,5,2,1,51012,51012172008,87.1036506056285
100808,172008,3,5,1,1,2,1,39,1,-2,2,1,7,-8,-8,0,-9,-9,-9,-9,-9,1,1,3,2,-15,-15,-15,2,2,6,2,5,1,-17,5,2,3,0,1,1,1,26,26035,1,1,-20,-20,-20,-20,1,2,1,2,1,2,2,1,2,2,2,2,2,2,2,-24,-24,-24,-24,-24,-24,-24,-24,-24,-24,-24,-24,-24,-24,-24,-24,-24,-24,-24,-24,-24,-24,-24,-24,-24,-24,3,-33,-33,421,996,996,3,97,2,2020,7,1,2,1,2,2,2,2,2,0,-36,-36,2,-38,-38,-38,-38,-38,-38,-38,-38,-38,-38,-38,-38,-38,-38,-38,-38,-38,-38,-38,-38,-38,-38,2,-43,-43,-43,-43,2,2,2,2,2,2,0,-46,-46,-46,-46,-46,-46,-46,1,1,1,2,2,2,2,2,2,2,2,2,2,2,2,-1,4,2,1,51012,51012172008,87.1036506056285
100708,172008,3,5,1,1,2,1,28,1,-2,2,1,7,-8,-8,0,-9,-9,-9,-9,-9,1,1,3,2,-15,-15,-15,2,2,6,2,6,1,-17,1,-18,-18,-18,-18,-18,1,25,25001,2,2,1,26,26036,2,2,2,2,-22,-22,-22,-22,-22,-22,-22,-22,-22,-22,2,7,-24,-24,-24,-24,-24,-24,-24,-24,-24,-24,-24,-24,-24,-24,-24,-24,-24,-24,-24,-24,-24,-24,-24,-24,-24,-24,2,-33,-33,511,996,996,3,97,2,2020,9,1,2,1,2,1,2,2,1,4,-36,-36,2,-38,-38,-38,-38,-38,-38,-38,-38,-38,-38,-38,-38,-38,-38,-38,-38,-38,-38,-38,-38,-38,-38,2,-43,-43,-43,-43,2,2,2,2,2,2,0,-46,-46,-46,-46,-46,-46,-46,1,1,1,2,2,2,2,2,2,2,2,2,2,2,2,-1,4,2,1,51012,51012172008,87.1036506056285
163908,262008,3,4,1,1,2,1,42,1,-2,2,1,3,2,2,1,0,-10,-10,-10,1,1,1,3,9,-15,-15,-15,2,2,1,2,5,1,-17,2,0,2,0,2,1,1,15,15022,1,1,-20,-20,-20,-20,1,2,2,-22,-22,-22,-22,-22,-22,-22,-22,-22,-22,1,-23,2,2,1,3,2,-29,-29,-29,-29,-29,-29,-29,-29,-29,-29,-29,-29,-29,-29,-29,-29,-29,-29,-29,-29,-29,3,-33,-33,999,996,996,5,1,-34,-34,2,5,2,1,2,2,2,1,1,4,1,7,2,-38,-38,-38,-38,-38,-38,-38,-38,-38,-38,-38,-38,-38,-38,-38,-38,-38,-38,-38,-38,-38,-38,2,-43,-43,-43,-43,2,2,2,2,2,2,0,-46,-46,-46,-46,-46,-46,-46,1,1,2,1,2,2,2,2,2,2,2,2,2,2,2,-1,7,2,1,41012,41012262008,91.8380561194924
130008,212008,3,4,1,2,2,2,64,1,-2,2,1,3,2,2,0,-9,-9,-9,-9,-9,1,1,6,1,-14,-14,1,2,2,6,2,4,2,4,2,0,2,0,2,2,1,5,5035,2,1,-20,-20,-20,-20,2,2,1,2,1,2,2,2,2,2,2,2,2,2,5,-24,-24,-24,-24,-24,-24,-24,-24,-24,-24,-24,-24,-24,-24,-24,-24,-24,-24,-24,-24,-24,-24,-24,-24,-24,-24,3,-33,-33,998,996,996,4,1,-34,-34,1,5,2,1,2,2,2,2,1,4,2,-37,2,-38,-38,-38,-38,-38,-38,-38,-38,-38,-38,-38,-38,-38,-38,-38,-38,-38,-38,-38,-38,-38,-38,2,-43,-43,-43,-43,2,2,2,2,2,2,0,-46,-46,-46,-46,-46,-46,-46,3,1,2,1,2,2,2,2,1,1,2,2,2,2,2,-1,2,2,1,41022,41022212008,96.0767345080557
10407,232007,3,4,1,2,2,2,56,1,-2,2,1,3,2,2,1,0,-10,-10,-10,1,1,1,5,1,-14,-14,1,2,2,6,2,4,2,4,2,0,2,0,1,2,1,1,1001,2,1,-20,-20,-20,-20,2,2,2,-22,-22,-22,-22,-22,-22,-22,-22,-22,-22,2,5,-24,-24,-24,-24,-24,-24,-24,-24,-24,-24,-24,-24,-24,-24,-24,-24,-24,-24,-24,-24,-24,-24,-24,-24,-24,-24,3,-33,-33,998,996,996,4,1,-34,-34,1,5,2,1,2,2,2,2,1,4,2,-37,2,-38,-38,-38,-38,-38,-38,-38,-38,-38,-38,-38,-38,-38,-38,-38,-38,-38,-38,-38,-38,-38,-38,2,-43,-43,-43,-43,2,2,2,2,2,2,0,-46,-46,-46,-46,-46,-46,-46,2,1,2,1,2,2,2,2,2,2,2,2,2,2,2,-1,1,2,1,41022,41022232007,96.0767345080557
136708,222008,3,5,1,3,3,1,40,1,-2,2,1,3,2,2,0,-9,-9,-9,-9,-9,1,1,3,3,-15,-15,-15,2,2,6,2,2,1,-17,1,-18,-18,-18,-18,-18,1,26,26058,1,1,-20,-20,-20,-20,1,2,2,-22,-22,-22,-22,-22,-22,-22,-22,-22,-22,2,2,-24,-24,-24,-24,-24,-24,-24,-24,-24,-24,-24,-24,-24,-24,-24,-24,-24,-24,-24,-24,-24,-24,-24,-24,-24,-24,2,-33,-33,721,996,996,3,97,2,2020,997,97,2,1,2,2,2,2,1,4,1,6,2,-38,-38,-38,-38,-38,-38,-38,-38,-38,-38,-38,-38,-38,-38,-38,-38,-38,-38,-38,-38,-38,-38,2,-43,-43,-43,-43,2,2,2,2,2,2,0,-46,-46,-46,-46,-46,-46,-46,1,2,-49,-49,-49,-49,-49,-49,-49,-49,-49,-49,2,2,2,-1,6,2,1,51033,51033222008,110.694222623285
134608,222008,3,5,1,3,3,2,20,1,-2,2,1,7,-8,-8,0,-9,-9,-9,-9,-9,1,1,3,3,-15,-15,-15,2,2,6,2,6,2,2,8,1,5,1,2,2,1,26,26033,2,1,-20,-20,-20,-20,2,1,1,2,1,2,2,2,2,2,2,2,2,2,5,-24,-24,-24,-24,-24,-24,-24,-24,-24,-24,-24,-24,-24,-24,-24,-24,-24,-24,-24,-24,-24,-24,-24,-24,-24,-24,2,-33,-33,521,996,996,1,1,-34,-34,997,97,2,1,2,1,2,1,1,4,1,3,2,-38,-38,-38,-38,-38,-38,-38,-38,-38,-38,-38,-38,-38,-38,-38,-38,-38,-38,-38,-38,-38,-38,2,-43,-43,-43,-43,2,2,2,2,2,2,0,-46,-46,-46,-46,-46,-46,-46,2,2,-49,-49,-49,-49,-49,-49,-49,-49,-49,-49,2,2,2,-1,6,2,1,51033,51033222008,110.694222623285
104108,182008,3,4,1,3,1,1,28,1,-2,2,1,7,-8,-8,0,-9,-9,-9,-9,-9,1,1,3,2,-15,-15,-15,2,2,6,2,1,1,-17,4,1,3,0,1,1,1,5,5035,2,1,-20,-20,-20,-20,2,2,2,-22,-22,-22,-22,-22,-22,-22,-22,-22,-22,1,-23,2,2,2,3,2,-29,-29,-29,-29,-29,-29,-29,-29,-29,-29,-29,-29,-29,-29,-29,-29,-29,-29,-29,-29,-29,3,-33,-33,899,996,996,1,1,-34,-34,2,5,2,1,2,2,2,1,2,5,1,7,2,-38,-38,-38,-38,-38,-38,-38,-38,-38,-38,-38,-38,-38,-38,-38,-38,-38,-38,-38,-38,-38,-38,2,-43,-43,-43,-43,2,2,2,2,2,2,0,-46,-46,-46,-46,-46,-46,-46,1,1,1,2,2,2,2,2,2,2,2,2,2,2,2,-1,4,2,1,41031,41031182008,113.423921522774
730009,302009,3,2,1,4,2,1,23,1,-2,2,1,7,-8,-8,0,-9,-9,-9,-9,-9,1,1,2,2,-15,-15,-15,2,2,2,2,6,2,2,5,0,5,0,2,2,1,1,1001,2,1,-20,-20,-20,-20,2,2,2,-22,-22,-22,-22,-22,-22,-22,-22,-22,-22,2,1,-24,-24,-24,-24,-24,-24,-24,-24,-24,-24,-24,-24,-24,-24,-24,-24,-24,-24,-24,-24,-24,-24,-24,-24,-24,-24,2,-33,-33,998,996,996,1,1,-34,-34,777,7,2,1,2,2,1,2,2,3,2,-37,2,-38,-38,-38,-38,-38,-38,-38,-38,-38,-38,-38,-38,-38,-38,-38,-38,-38,-38,-38,-38,-38,-38,2,-43,-43,-43,-43,2,2,2,2,2,2,0,-46,-46,-46,-46,-46,-46,-46,2,2,-49,-49,-49,-49,-49,-49,-49,-49,-49,-49,2,2,2,-1,3,2,1,21042,21042302009,117.572754842494
90508,152008,3,4,1,3,1,1,39,1,-2,2,1,7,-8,-8,0,-9,-9,-9,-9,-9,1,1,3,2,-15,-15,-15,2,2,4,2,5,1,-17,4,2,2,0,1,2,1,8,8001,1,1,-20,-20,-20,-20,1,2,2,-22,-22,-22,-22,-22,-22,-22,-22,-22,-22,2,7,-24,-24,-24,-24,-24,-24,-24,-24,-24,-24,-24,-24,-24,-24,-24,-24,-24,-24,-24,-24,-24,-24,-24,-24,-24,-24,3,-33,-33,421,996,996,2,5,2,2020,2,3,2,1,2,2,2,2,2,5,1,4,2,-38,-38,-38,-38,-38,-38,-38,-38,-38,-38,-38,-38,-38,-38,-38,-38,-38,-38,-38,-38,-38,-38,2,-43,-43,-43,-43,2,2,2,2,2,2,0,-46,-46,-46,-46,-46,-46,-46,2,1,1,2,2,2,2,2,2,2,2,2,2,2,2,-1,4,2,1,41031,41031152008,120.09591813507
88108,142008,3,4,1,1,2,1,40,1,-2,2,1,7,-8,-8,0,-9,-9,-9,-9,-9,1,1,3,2,-15,-15,-15,2,2,6,2,5,1,-17,3,1,2,0,1,1,1,9,9005,2,2,1,32,32005,2,2,2,2,-22,-22,-22,-22,-22,-22,-22,-22,-22,-22,1,-23,2,2,1,5,2,-29,-29,-29,-29,-29,-29,-29,-29,-29,-29,-29,-29,-29,-29,-29,-29,-29,-29,-29,-29,-29,3,-33,-33,899,996,996,1,1,-34,-34,2,5,2,1,2,2,2,2,1,4,1,7,2,-38,-38,-38,-38,-38,-38,-38,-38,-38,-38,-38,-38,-38,-38,-38,-38,-38,-38,-38,-38,-38,-38,2,-43,-43,-43,-43,2,2,2,2,2,2,0,-46,-46,-46,-46,-46,-46,-46,2,1,2,1,2,2,2,2,2,2,2,2,2,2,2,-1,4,2,1,41012,41012142008,123.431916441217
3408,12008,3,4,1,3,2,1,45,1,-2,2,1,7,-8,-8,0,-9,-9,-9,-9,-9,1,1,3,2,-15,-15,-15,2,2,6,2,5,1,-17,5,1,2,2,1,1,1,1,1001,2,1,-20,-20,-20,-20,2,2,1,1,1,2,2,2,2,2,2,2,2,1,-23,2,2,2,5,2,-29,-29,-29,-29,-29,-29,-29,-29,-29,-29,-29,-29,-29,-29,-29,-29,-29,-29,-29,-29,-29,3,-33,-33,923,996,996,1,1,-34,-34,3,5,2,1,2,1,2,1,1,4,1,7,2,-38,-38,-38,-38,-38,-38,-38,-38,-38,-38,-38,-38,-38,-38,-38,-38,-38,-38,-38,-38,-38,-38,2,-43,-43,-43,-43,2,2,2,2,2,2,0,-46,-46,-46,-46,-46,-46,-46,1,1,2,1,2,2,2,2,2,2,2,2,2,2,2,-1,4,2,1,41032,41032012008,126.100714041823
601909,262009,3,4,1,1,2,1,38,1,-2,2,1,5,2,2,0,-9,-9,-9,-9,-9,1,1,3,3,-15,-15,-15,2,2,3,2,6,2,2,5,0,4,1,3,2,1,26,26030,2,1,-20,-20,-20,-20,2,2,2,-22,-22,-22,-22,-22,-22,-22,-22,-22,-22,2,1,-24,-24,-24,-24,-24,-24,-24,-24,-24,-24,-24,-24,-24,-24,-24,-24,-24,-24,-24,-24,-24,-24,-24,-24,-24,-24,3,-33,-33,212,996,996,1,1,-34,-34,8,5,2,1,2,1,2,1,1,4,1,7,2,-38,-38,-38,-38,-38,-38,-38,-38,-38,-38,-38,-38,-38,-38,-38,-38,-38,-38,-38,-38,-38,-38,2,-43,-43,-43,-43,2,2,2,2,2,2,0,-46,-46,-46,-46,-46,-46,-46,1,2,-49,-49,-49,-49,-49,-49,-49,-49,-49,-49,2,2,2,-1,6,2,1,41012,41012262009,134.020081686267
508809,192009,3,2,1,3,2,1,31,1,-2,2,1,7,-8,-8,0,-9,-9,-9,-9,-9,1,1,2,2,-15,-15,-15,2,2,6,2,1,2,1,4,2,2,0,1,1,1,1,1001,2,1,-20,-20,-20,-20,2,2,2,-22,-22,-22,-22,-22,-22,-22,-22,-22,-22,1,-23,2,2,5,5,3,-29,-29,-29,-29,-29,-29,-29,-29,-29,-29,-29,-29,-29,-29,-29,-29,-29,-29,-29,-29,-29,2,-33,-33,712,996,996,1,1,-34,-34,777,7,2,1,2,1,2,1,1,4,1,2,2,-38,-38,-38,-38,-38,-38,-38,-38,-38,-38,-38,-38,-38,-38,-38,-38,-38,-38,-38,-38,-38,-38,2,-43,-43,-43,-43,2,2,2,2,2,2,0,-46,-46,-46,-46,-46,-46,-46,2,2,-49,-49,-49,-49,-49,-49,-49,-49,-49,-49,2,2,2,-1,3,2,1,21032,21032192009,143.958718657476
118608,192008,3,4,1,1,3,1,36,1,-2,2,1,3,2,2,3,2,1,1,96,3,1,1,3,3,-15,-15,-15,2,2,2,2,5,1,-17,4,2,2,0,1,1,1,9,9014,2,1,-20,-20,-20,-20,2,2,2,-22,-22,-22,-22,-22,-22,-22,-22,-22,-22,1,-23,2,2,3,3,2,-29,-29,-29,-29,-29,-29,-29,-29,-29,-29,-29,-29,-29,-29,-29,-29,-29,-29,-29,-29,-29,1,5,96,411,996,996,1,1,-34,-34,1,6,2,1,2,2,2,2,1,4,1,4,2,-38,-38,-38,-38,-38,-38,-38,-38,-38,-38,-38,-38,-38,-38,-38,-38,-38,-38,-38,-38,-38,-38,2,-43,-43,-43,-43,2,2,2,2,2,2,1,-47,1999,2,2,2,-48,3,1,1,1,2,2,2,2,2,2,2,2,2,2,2,2,-1,6,2,1,41013,41013192008,148.690184482028
718909,292009,3,2,1,2,2,2,21,1,-2,2,1,7,-8,-8,0,-9,-9,-9,-9,-9,1,1,3,2,-15,-15,-15,2,2,6,2,6,2,2,5,0,5,0,2,2,1,24,24028,2,1,-20,-20,-20,-20,2,2,2,-22,-22,-22,-22,-22,-22,-22,-22,-22,-22,2,1,-24,-24,-24,-24,-24,-24,-24,-24,-24,-24,-24,-24,-24,-24,-24,-24,-24,-24,-24,-24,-24,-24,-24,-24,-24,-24,2,-33,-33,998,996,996,2,1,-34,-34,777,7,2,1,2,1,2,1,1,4,1,7,2,-38,-38,-38,-38,-38,-38,-38,-38,-38,-38,-38,-38,-38,-38,-38,-38,-38,-38,-38,-38,-38,-38,2,-43,-43,-43,-43,2,2,2,2,2,2,0,-46,-46,-46,-46,-46,-46,-46,1,2,-49,-49,-49,-49,-49,-49,-49,-49,-49,-49,2,2,2,-1,4,2,1,21022,21022292009,152.601180569529
58008,102008,3,4,1,3,2,2,67,1,-2,2,1,3,2,2,0,-9,-9,-9,-9,-9,1,1,6,1,-14,-14,1,2,2,6,2,4,2,4,3,0,2,1,2,2,1,10,10015,1,2,1,10,10005,2,2,2,1,2,1,2,2,2,2,2,2,2,2,2,5,-24,-24,-24,-24,-24,-24,-24,-24,-24,-24,-24,-24,-24,-24,-24,-24,-24,-24,-24,-24,-24,-24,-24,-24,-24,-24,3,-33,-33,999,996,996,4,1,-34,-34,2,5,2,1,2,2,2,2,1,4,2,-37,2,-38,-38,-38,-38,-38,-38,-38,-38,-38,-38,-38,-38,-38,-38,-38,-38,-38,-38,-38,-38,-38,-38,2,-43,-43,-43,-43,2,2,2,2,2,2,0,-46,-46,-46,-46,-46,-46,-46,3,1,2,1,2,2,2,2,1,2,2,2,2,2,2,-1,2,2,1,41032,41032102008,152.849351540444
24507,242007,3,4,1,3,2,1,26,1,-2,2,1,5,2,2,0,-9,-9,-9,-9,-9,1,1,3,2,-15,-15,-15,2,2,6,2,5,1,-17,5,3,2,0,2,1,1,10,10005,2,1,-20,-20,-20,-20,2,1,2,-22,-22,-22,-22,-22,-22,-22,-22,-22,-22,1,-23,1,-25,-25,-25,-25,611,1,2,2,-31,12,6,1500,1,3,1,3,111,6,2,2,-32,2,2,2,2,2,-33,-33,611,996,996,2,1,-34,-34,997,97,2,1,2,1,2,1,1,4,1,3,2,-38,-38,-38,-38,-38,-38,-38,-38,-38,-38,-38,-38,-38,-38,-38,-38,-38,-38,-38,-38,-38,-38,2,-43,-43,-43,-43,2,2,2,2,2,2,0,-46,-46,-46,-46,-46,-46,-46,1,2,-49,-49,-49,-49,-49,-49,-49,-49,-49,-49,2,2,2,1,4,2,1,41032,41032242007,160.842747875294
22107,252007,3,4,1,3,1,1,48,1,-2,2,1,7,-8,-8,0,-9,-9,-9,-9,-9,1,1,3,2,-15,-15,-15,2,2,3,2,5,1,-17,5,0,5,0,2,1,1,8,8013,1,1,-20,-20,-20,-20,1,2,2,-22,-22,-22,-22,-22,-22,-22,-22,-22,-22,2,1,-24,-24,-24,-24,-24,-24,-24,-24,-24,-24,-24,-24,-24,-24,-24,-24,-24,-24,-24,-24,-24,-24,-24,-24,-24,-24,3,-33,-33,923,996,996,1,1,-34,-34,2,5,2,1,2,2,2,2,1,4,1,4,2,-38,-38,-38,-38,-38,-38,-38,-38,-38,-38,-38,-38,-38,-38,-38,-38,-38,-38,-38,-38,-38,-38,2,-43,-43,-43,-43,2,2,2,2,2,2,0,-46,-46,-46,-46,-46,-46,-46,1,2,-49,-49,-49,-49,-49,-49,-49,-49,-49,-49,2,2,2,-1,4,2,1,41031,41031252007,168.134285389098
25109,12009,3,4,1,2,2,1,25,1,-2,2,1,7,-8,-8,0,-9,-9,-9,-9,-9,1,1,3,2,-15,-15,-15,2,2,6,2,1,1,-17,2,0,2,0,2,1,1,10,10005,2,1,-20,-20,-20,-20,2,1,2,-22,-22,-22,-22,-22,-22,-22,-22,-22,-22,1,-23,1,-25,-25,-25,-25,611,1,2,2,-31,12,5,1500,1,3,1,2,111,6,2,2,-32,2,2,2,2,2,-33,-33,611,996,996,2,1,-34,-34,997,97,2,1,2,1,2,1,1,4,1,3,2,-38,-38,-38,-38,-38,-38,-38,-38,-38,-38,-38,-38,-38,-38,-38,-38,-38,-38,-38,-38,-38,-38,2,-43,-43,-43,-43,2,2,2,2,2,2,0,-46,-46,-46,-46,-46,-46,-46,1,2,-49,-49,-49,-49,-49,-49,-49,-49,-49,-49,2,2,2,1,4,2,1,41022,41022012009,168.134285389098
5208,12008,3,4,1,3,2,1,36,1,-2,2,1,5,2,2,0,-9,-9,-9,-9,-9,1,1,3,3,-15,-15,-15,2,2,6,2,5,1,-17,4,2,2,0,2,1,1,5,5035,2,1,-20,-20,-20,-20,2,1,2,-22,-22,-22,-22,-22,-22,-22,-22,-22,-22,2,2,-24,-24,-24,-24,-24,-24,-24,-24,-24,-24,-24,-24,-24,-24,-24,-24,-24,-24,-24,-24,-24,-24,-24,-24,-24,-24,2,-33,-33,263,996,996,2,1,-34,-34,6,5,2,1,2,1,2,2,1,4,1,3,2,-38,-38,-38,-38,-38,-38,-38,-38,-38,-38,-38,-38,-38,-38,-38,-38,-38,-38,-38,-38,-38,-38,2,-43,-43,-43,-43,2,2,2,2,2,2,0,-46,-46,-46,-46,-46,-46,-46,2,1,1,2,2,2,2,2,2,2,2,2,2,2,2,-1,6,2,1,41032,41032012008,171.565598081751
732909,302009,3,2,1,4,2,1,37,1,-2,2,1,7,-8,-8,0,-9,-9,-9,-9,-9,1,1,3,2,-15,-15,-15,2,2,3,2,6,1,-17,1,-18,-18,-18,-18,-18,1,99,99999,99,1,-20,-20,-20,-20,99,2,2,-22,-22,-22,-22,-22,-22,-22,-22,-22,-22,2,7,-24,-24,-24,-24,-24,-24,-24,-24,-24,-24,-24,-24,-24,-24,-24,-24,-24,-24,-24,-24,-24,-24,-24,-24,-24,-24,3,-33,-33,999,996,712,1,1,-34,-34,5,2,2,2,2,2,2,2,2,3,2,-37,2,-38,-38,-38,-38,-38,-38,-38,-38,-38,-38,-38,-38,-38,-38,-38,-38,-38,-38,-38,-38,-38,-38,2,-43,-43,-43,-43,2,2,2,2,2,2,0,-46,-46,-46,-46,-46,-46,-46,2,2,-49,-49,-49,-49,-49,-49,-49,-49,-49,-49,2,2,2,-1,4,2,1,21042,21042302009,176.941175197641
84909,52009,3,7,1,12,2,2,46,1,-2,2,1,3,2,2,1,0,-10,-10,-10,1,1,1,3,3,-15,-15,-15,2,2,6,2,5,1,-17,4,0,4,0,3,2,1,26,26018,2,1,-20,-20,-20,-20,2,1,2,-22,-22,-22,-22,-22,-22,-22,-22,-22,-22,2,5,-24,-24,-24,-24,-24,-24,-24,-24,-24,-24,-24,-24,-24,-24,-24,-24,-24,-24,-24,-24,-24,-24,-24,-24,-24,-24,3,-33,-33,815,281,996,4,1,-34,-34,7,2,2,1,2,2,2,2,1,4,2,-37,2,-38,-38,-38,-38,-38,-38,-38,-38,-38,-38,-38,-38,-38,-38,-38,-38,-38,-38,-38,-38,-38,-38,2,-43,-43,-43,-43,2,2,2,2,2,2,0,-46,-46,-46,-46,-46,-46,-46,1,2,-49,-49,-49,-49,-49,-49,-49,-49,-49,-49,2,2,2,-1,6,2,1,71122,71122052009,179.381924057428
13907,242007,3,4,1,3,2,1,42,1,-2,2,1,7,-8,-8,0,-9,-9,-9,-9,-9,1,1,3,2,-15,-15,-15,2,2,6,2,3,1,-17,1,-18,-18,-18,-18,-18,1,8,8021,2,1,-20,-20,-20,-20,2,2,2,-22,-22,-22,-22,-22,-22,-22,-22,-22,-22,2,1,-24,-24,-24,-24,-24,-24,-24,-24,-24,-24,-24,-24,-24,-24,-24,-24,-24,-24,-24,-24,-24,-24,-24,-24,-24,-24,3,-33,-33,998,996,996,1,1,-34,-34,4,5,2,1,2,2,2,1,1,4,1,7,2,-38,-38,-38,-38,-38,-38,-38,-38,-38,-38,-38,-38,-38,-38,-38,-38,-38,-38,-38,-38,-38,-38,2,-43,-43,-43,-43,2,2,2,2,2,2,0,-46,-46,-46,-46,-46,-46,-46,1,1,2,1,2,2,2,2,2,2,2,2,2,2,2,-1,4,2,1,41032,41032242007,180.143877202604
152908,262008,3,4,1,1,2,2,23,1,-2,2,1,3,2,2,0,-9,-9,-9,-9,-9,1,1,3,3,-15,-15,-15,2,2,3,2,6,2,2,4,0,4,0,3,2,1,11,11007,2,2,1,15,15059,1,2,2,2,-22,-22,-22,-22,-22,-22,-22,-22,-22,-22,2,2,-24,-24,-24,-24,-24,-24,-24,-24,-24,-24,-24,-24,-24,-24,-24,-24,-24,-24,-24,-24,-24,-24,-24,-24,-24,-24,3,-33,-33,311,996,996,4,1,-34,-34,1,5,2,1,2,2,2,2,1,4,2,-37,2,-38,-38,-38,-38,-38,-38,-38,-38,-38,-38,-38,-38,-38,-38,-38,-38,-38,-38,-38,-38,-38,-38,2,-43,-43,-43,-43,2,2,2,2,2,2,0,-46,-46,-46,-46,-46,-46,-46,1,1,2,1,2,2,2,2,2,2,2,2,2,2,2,-1,6,2,1,41012,41012262008,180.885211029786
122908,192008,3,7,1,10,2,2,39,1,-2,2,1,3,2,2,7,6,2,2,96,0,1,1,3,2,-15,-15,-15,2,2,6,2,5,1,-17,7,6,0,0,1,2,1,16,16001,97,1,-20,-20,-20,-20,97,1,2,-22,-22,-22,-22,-22,-22,-22,-22,-22,-22,2,5,-24,-24,-24,-24,-24,-24,-24,-24,-24,-24,-24,-24,-24,-24,-24,-24,-24,-24,-24,-24,-24,-24,-24,-24,-24,-24,2,-33,-33,998,996,996,4,2,2,2020,4,5,2,2,2,1,2,1,1,4,2,-37,2,-38,-38,-38,-38,-38,-38,-38,-38,-38,-38,-38,-38,-38,-38,-38,-38,-38,-38,-38,-38,-38,-38,2,-43,-43,-43,-43,2,2,2,2,2,2,0,-46,-46,-46,-46,-46,-46,-46,1,1,1,2,2,2,2,2,2,2,2,2,2,2,2,-1,4,2,1,71102,71102192008,185.41156874797
112808,192008,3,4,1,1,3,1,30,1,-2,2,1,7,-8,-8,0,-9,-9,-9,-9,-9,1,1,3,4,-15,-15,-15,2,2,2,2,6,1,-17,1,-18,-18,-18,-18,-18,1,14,14039,2,1,-20,-20,-20,-20,2,2,2,-22,-22,-22,-22,-22,-22,-22,-22,-22,-22,1,-23,2,2,2,3,2,-29,-29,-29,-29,-29,-29,-29,-29,-29,-29,-29,-29,-29,-29,-29,-29,-29,-29,-29,-29,-29,3,-33,-33,999,996,996,1,1,-34,-34,2,5,2,1,2,1,2,1,1,4,1,7,2,-38,-38,-38,-38,-38,-38,-38,-38,-38,-38,-38,-38,-38,-38,-38,-38,-38,-38,-38,-38,-38,-38,2,-43,-43,-43,-43,2,2,2,2,2,2,0,-46,-46,-46,-46,-46,-46,-46,2,1,2,1,2,2,2,2,2,2,2,2,2,2,2,-1,4,2,1,41013,41013192008,192.153469016111
155608,262008,3,4,1,1,2,1,36,1,-2,2,1,5,2,2,0,-9,-9,-9,-9,-9,1,1,3,3,-15,-15,-15,2,2,3,2,6,1,-17,1,-18,-18,-18,-18,-18,1,15,15070,2,1,-20,-20,-20,-20,2,2,2,-22,-22,-22,-22,-22,-22,-22,-22,-22,-22,1,-23,2,2,2,3,2,-29,-29,-29,-29,-29,-29,-29,-29,-29,-29,-29,-29,-29,-29,-29,-29,-29,-29,-29,-29,-29,3,-33,-33,212,996,996,1,1,-34,-34,3,5,2,1,2,2,2,1,1,4,1,4,2,-38,-38,-38,-38,-38,-38,-38,-38,-38,-38,-38,-38,-38,-38,-38,-38,-38,-38,-38,-38,-38,-38,2,-43,-43,-43,-43,2,2,2,2,2,2,0,-46,-46,-46,-46,-46,-46,-46,1,1,2,1,2,2,2,2,2,2,2,2,2,2,2,-1,6,2,1,41012,41012262008,202.742571531478
640509,282009,3,4,1,1,2,1,70,1,-2,2,1,3,2,2,0,-9,-9,-9,-9,-9,1,1,6,1,-14,-14,1,2,2,6,2,4,2,4,1,-18,-18,-18,-18,-18,1,2,2004,2,1,-20,-20,-20,-20,2,2,1,2,1,2,2,2,2,2,2,2,2,2,7,-24,-24,-24,-24,-24,-24,-24,-24,-24,-24,-24,-24,-24,-24,-24,-24,-24,-24,-24,-24,-24,-24,-24,-24,-24,-24,3,-33,-33,999,996,996,4,1,-34,-34,6,5,2,1,2,2,2,2,1,4,2,-37,2,-38,-38,-38,-38,-38,-38,-38,-38,-38,-38,-38,-38,-38,-38,-38,-38,-38,-38,-38,-38,-38,-38,2,-43,-43,-43,-43,2,2,2,2,2,2,0,-46,-46,-46,-46,-46,-46,-46,3,1,2,1,2,2,2,2,2,1,2,2,2,2,2,-1,2,2,1,41012,41012282009,206.831858430224
87908,142008,3,4,1,1,2,2,66,1,-2,2,1,3,2,2,2,0,-10,-10,-10,1,1,1,3,1,-14,-14,1,2,2,6,2,4,2,4,2,0,1,1,1,2,1,8,8021,2,1,-20,-20,-20,-20,2,2,2,-22,-22,-22,-22,-22,-22,-22,-22,-22,-22,2,5,-24,-24,-24,-24,-24,-24,-24,-24,-24,-24,-24,-24,-24,-24,-24,-24,-24,-24,-24,-24,-24,-24,-24,-24,-24,-24,3,-33,-33,815,999,996,4,1,-34,-34,2,5,2,1,2,2,2,2,1,4,2,-37,2,-38,-38,-38,-38,-38,-38,-38,-38,-38,-38,-38,-38,-38,-38,-38,-38,-38,-38,-38,-38,-38,-38,2,-43,-43,-43,-43,2,2,2,2,2,2,0,-46,-46,-46,-46,-46,-46,-46,3,1,2,1,2,2,2,2,1,2,2,2,2,2,2,-1,1,2,1,41012,41012142008,220.175849044034
31307,292007,3,7,1,2,1,1,42,1,-2,2,1,5,2,2,0,-9,-9,-9,-9,-9,2,-12,-12,-12,-12,-12,1,2,2,6,2,1,1,-17,7,4,3,0,1,1,1,30,30038,2,1,-20,-20,-20,-20,2,2,2,-22,-22,-22,-22,-22,-22,-22,-22,-22,-22,1,-23,2,1,-26,-26,-26,611,5,-30,2,-31,8,3,150,1,2,1,2,111,5,2,2,-32,2,2,2,2,3,-33,-33,998,996,996,2,1,-34,-34,999,99,2,1,2,1,2,2,2,1,1,2,2,-38,-38,-38,-38,-38,-38,-38,-38,-38,-38,-38,-38,-38,-38,-38,-38,-38,-38,-38,-38,-38,-38,2,-43,-43,-43,-43,2,2,2,2,2,2,0,-46,-46,-46,-46,-46,-46,-46,2,1,1,2,2,2,2,2,2,2,2,2,2,2,2,1,0,2,1,71021,71021292007,223.18059195339
151608,212008,3,4,1,2,2,1,28,1,-2,2,1,7,-8,-8,2,0,-10,-10,-10,0,1,1,3,3,-15,-15,-15,2,2,6,2,6,2,2,6,1,5,0,3,2,1,10,10005,2,1,-20,-20,-20,-20,2,1,2,-22,-22,-22,-22,-22,-22,-22,-22,-22,-22,2,1,-24,-24,-24,-24,-24,-24,-24,-24,-24,-24,-24,-24,-24,-24,-24,-24,-24,-24,-24,-24,-24,-24,-24,-24,-24,-24,2,-33,-33,611,996,996,2,1,-34,-34,6,5,2,1,2,1,2,2,2,3,1,3,2,-38,-38,-38,-38,-38,-38,-38,-38,-38,-38,-38,-38,-38,-38,-38,-38,-38,-38,-38,-38,-38,-38,2,-43,-43,-43,-43,2,2,2,2,2,2,0,-46,-46,-46,-46,-46,-46,-46,1,2,-49,-49,-49,-49,-49,-49,-49,-49,-49,-49,2,2,2,-1,6,2,1,41022,41022212008,228.182244456632
253008,282008,3,4,1,1,2,2,34,1,-2,2,1,5,2,2,0,-9,-9,-9,-9,-9,1,1,5,9,-15,-15,-15,2,2,2,2,6,1,-17,1,-18,-18,-18,-18,-18,1,15,15005,2,1,-20,-20,-20,-20,2,1,2,-22,-22,-22,-22,-22,-22,-22,-22,-22,-22,1,-23,2,2,1,5,2,-29,-29,-29,-29,-29,-29,-29,-29,-29,-29,-29,-29,-29,-29,-29,-29,-29,-29,-29,-29,-29,2,-33,-33,212,211,996,1,1,-34,-34,1,6,2,1,2,1,2,1,1,4,1,7,2,-38,-38,-38,-38,-38,-38,-38,-38,-38,-38,-38,-38,-38,-38,-38,-38,-38,-38,-38,-38,-38,-38,2,-43,-43,-43,-43,2,2,2,2,2,2,0,-46,-46,-46,-46,-46,-46,-46,1,2,-49,-49,-49,-49,-49,-49,-49,-49,-49,-49,2,2,2,-1,7,2,1,41012,41012282008,236.188639869231
38908,92008,3,4,1,1,2,1,42,1,-2,2,1,7,-8,-8,0,-9,-9,-9,-9,-9,1,1,3,2,-15,-15,-15,2,2,3,2,5,1,-17,5,2,3,0,1,1,1,15,15051,2,1,-20,-20,-20,-20,2,2,1,2,2,2,2,2,2,2,2,2,1,1,-23,2,2,1,5,2,-29,-29,-29,-29,-29,-29,-29,-29,-29,-29,-29,-29,-29,-29,-29,-29,-29,-29,-29,-29,-29,3,-33,-33,923,996,996,1,1,-34,-34,2,5,2,1,2,1,2,1,1,4,1,7,2,-38,-38,-38,-38,-38,-38,-38,-38,-38,-38,-38,-38,-38,-38,-38,-38,-38,-38,-38,-38,-38,-38,2,-43,-43,-43,-43,2,2,2,2,2,2,0,-46,-46,-46,-46,-46,-46,-46,1,1,2,1,2,2,2,2,2,2,2,2,2,2,2,-1,4,2,1,41012,41012092008,298.700103008443
645109,282009,3,4,1,1,2,1,24,1,-2,2,1,1,2,2,0,-9,-9,-9,-9,-9,1,1,2,9,-15,-15,-15,2,2,1,2,6,2,2,4,0,4,0,2,2,1,15,15003,1,1,-20,-20,-20,-20,1,2,1,1,2,2,2,2,2,2,2,2,2,2,4,-24,-24,-24,-24,-24,-24,-24,-24,-24,-24,-24,-24,-24,-24,-24,-24,-24,-24,-24,-24,-24,-24,-24,-24,-24,-24,3,-33,-33,999,996,996,6,1,-34,-34,6,5,2,1,2,2,2,2,1,4,2,-37,2,-38,-38,-38,-38,-38,-38,-38,-38,-38,-38,-38,-38,-38,-38,-38,-38,-38,-38,-38,-38,-38,-38,2,-43,-43,-43,-43,2,2,2,2,2,2,0,-46,-46,-46,-46,-46,-46,-46,1,1,2,1,2,2,2,2,2,2,2,2,2,2,2,-1,7,2,1,41012,41012282009,305.243792796896
168708,262008,3,1,2,2,2,1,49,1,-2,2,1,5,2,2,0,-9,-9,-9,-9,-9,1,1,2,8,-15,-15,-15,2,2,3,2,2,1,-17,1,-18,-18,-18,-18,-18,1,11,11007,2,2,1,15,15058,2,2,2,2,-22,-22,-22,-22,-22,-22,-22,-22,-22,-22,1,-23,1,-25,-25,-25,-25,121,1,1,1,2,8,5,1800,1,3,1,4,811,1,2,2,-32,2,2,2,2,1,11,96,999,996,996,3,3,2,2020,2,3,2,1,1,1,2,1,1,3,1,4,2,-38,-38,-38,-38,-38,-38,-38,-38,-38,-38,-38,-38,-38,-38,-38,-38,-38,-38,-38,-38,-38,-38,2,-43,-43,-43,-43,2,2,2,2,2,2,0,-46,-46,-46,-46,-46,-46,-46,3,1,2,1,2,2,2,2,1,2,2,2,1,1,2,6,7,2,1,12022,12022262008,309.861178160272
22908,82008,3,4,1,1,3,2,54,1,-2,2,1,3,2,2,1,1,1,1,96,1,1,1,3,3,-15,-15,-15,2,2,6,2,5,2,1,3,0,3,0,1,2,1,14,14039,2,1,-20,-20,-20,-20,2,2,2,-22,-22,-22,-22,-22,-22,-22,-22,-22,-22,2,5,-24,-24,-24,-24,-24,-24,-24,-24,-24,-24,-24,-24,-24,-24,-24,-24,-24,-24,-24,-24,-24,-24,-24,-24,-24,-24,2,-33,-33,999,996,996,4,1,-34,-34,997,97,2,1,2,2,2,2,1,4,2,-37,2,-38,-38,-38,-38,-38,-38,-38,-38,-38,-38,-38,-38,-38,-38,-38,-38,-38,-38,-38,-38,-38,-38,1,3,1,5,6,2,2,2,2,2,2,0,-46,-46,-46,-46,-46,-46,-46,3,1,2,2,2,1,2,2,1,1,2,2,2,2,2,-1,6,2,1,41013,41013082008,343.131193552721
317609,142009,3,4,1,1,3,1,38,1,-2,2,1,3,2,2,2,0,-10,-10,-10,0,1,1,5,9,-15,-15,-15,2,2,3,2,5,1,-17,5,3,2,0,1,1,1,14,14039,2,1,-20,-20,-20,-20,2,2,2,-22,-22,-22,-22,-22,-22,-22,-22,-22,-22,1,-23,1,-25,-25,-25,-25,226,1,1,1,2,10,6,9999998,98,98,1,6,236,7,2,2,-32,2,2,2,2,2,-33,-33,922,996,996,1,1,-34,-34,997,97,2,1,2,1,2,1,1,4,1,2,2,-38,-38,-38,-38,-38,-38,-38,-38,-38,-38,-38,-38,-38,-38,-38,-38,-38,-38,-38,-38,-38,-38,1,3,1,2,6,1,2,2,2,2,2,0,-46,-46,-46,-46,-46,-46,-46,1,1,2,1,2,2,2,2,2,2,2,2,2,2,2,6,7,2,1,41013,41013142009,345.876244229001
356309,152009,3,4,1,3,1,1,34,1,-2,2,1,7,-8,-8,1,0,-10,-10,-10,1,1,1,3,3,-15,-15,-15,2,2,6,2,5,1,-17,7,2,4,1,4,2,1,10,10006,97,1,-20,-20,-20,-20,97,1,1,2,1,2,2,2,2,2,2,2,2,1,-23,2,2,1,5,2,-29,-29,-29,-29,-29,-29,-29,-29,-29,-29,-29,-29,-29,-29,-29,-29,-29,-29,-29,-29,-29,2,-33,-33,263,996,996,1,1,-34,-34,8,5,2,1,2,1,2,1,2,5,1,3,2,-38,-38,-38,-38,-38,-38,-38,-38,-38,-38,-38,-38,-38,-38,-38,-38,-38,-38,-38,-38,-38,-38,2,-43,-43,-43,-43,2,2,2,2,2,2,0,-46,-46,-46,-46,-46,-46,-46,1,2,-49,-49,-49,-49,-49,-49,-49,-49,-49,-49,2,2,2,-1,6,2,1,41031,41031152009,354.282958498455
37708,92008,3,4,1,1,2,2,44,1,-2,2,1,3,2,2,2,2,1,1,96,2,1,1,2,3,-15,-15,-15,2,2,3,2,2,1,-17,3,2,1,0,1,1,1,15,15027,1,2,1,15,15039,2,2,2,2,-22,-22,-22,-22,-22,-22,-22,-22,-22,-22,1,-23,1,-25,-25,-25,-25,521,4,-30,2,-31,8,5,1500,1,3,1,1,812,1,2,2,2,2,2,2,2,3,-33,-33,521,996,996,2,1,-34,-34,3,5,2,1,2,2,2,1,1,4,1,6,2,-38,-38,-38,-38,-38,-38,-38,-38,-38,-38,-38,-38,-38,-38,-38,-38,-38,-38,-38,-38,-38,-38,2,-43,-43,-43,-43,2,2,2,2,2,2,0,-46,-46,-46,-46,-46,-46,-46,1,2,-49,-49,-49,-49,-49,-49,-49,-49,-49,-49,2,2,2,5,5,2,1,41012,41012092008,370.295746712871
314509,142009,3,4,1,1,3,1,27,1,-2,2,1,3,2,2,2,0,-10,-10,-10,0,1,1,3,3,-15,-15,-15,2,2,6,2,6,1,-17,1,-18,-18,-18,-18,-18,1,19,19039,2,1,-20,-20,-20,-20,2,2,2,-22,-22,-22,-22,-22,-22,-22,-22,-22,-22,1,-23,1,-25,-25,-25,-25,721,1,1,1,2,10,6,3000,1,3,1,6,238,7,2,2,-32,2,2,2,2,2,-33,-33,721,923,521,1,1,-34,-34,1,6,2,1,2,1,2,1,1,4,1,97,2,-38,-38,-38,-38,-38,-38,-38,-38,-38,-38,-38,-38,-38,-38,-38,-38,-38,-38,-38,-38,-38,-38,2,-43,-43,-43,-43,2,2,2,2,2,2,0,-46,-46,-46,-46,-46,-46,-46,1,1,2,1,2,2,2,2,2,2,2,2,2,2,2,2,6,2,1,41013,41013142009,376.91642059563
14308,42008,3,4,1,2,1,1,47,1,-2,2,1,7,-8,-8,0,-9,-9,-9,-9,-9,1,1,3,2,-15,-15,-15,2,2,6,2,5,1,-17,4,2,2,0,1,1,1,8,8021,2,1,-20,-20,-20,-20,2,2,2,-22,-22,-22,-22,-22,-22,-22,-22,-22,-22,2,2,-24,-24,-24,-24,-24,-24,-24,-24,-24,-24,-24,-24,-24,-24,-24,-24,-24,-24,-24,-24,-24,-24,-24,-24,-24,-24,3,-33,-33,421,996,996,2,1,-34,-34,6,5,2,2,2,2,2,2,1,4,1,4,2,-38,-38,-38,-38,-38,-38,-38,-38,-38,-38,-38,-38,-38,-38,-38,-38,-38,-38,-38,-38,-38,-38,2,-43,-43,-43,-43,2,2,2,2,2,2,0,-46,-46,-46,-46,-46,-46,-46,2,1,2,1,2,2,2,2,2,2,2,2,2,2,2,-1,4,2,1,41021,41021042008,384.306938032223
468509,172009,3,7,1,1,3,1,45,1,-2,2,1,5,2,2,0,-9,-9,-9,-9,-9,1,1,3,3,-15,-15,-15,2,2,3,2,3,1,-17,1,-18,-18,-18,-18,-18,1,25,25006,2,1,-20,-20,-20,-20,2,2,2,-22,-22,-22,-22,-22,-22,-22,-22,-22,-22,1,-23,1,-25,-25,-25,-25,411,4,-30,2,-31,12,7,9999999,99,99,97,2,999,1,2,2,-32,2,2,2,2,2,-33,-33,998,996,996,3,1,-34,-34,2,5,2,2,2,2,1,1,1,4,2,-37,2,-38,-38,-38,-38,-38,-38,-38,-38,-38,-38,-38,-38,-38,-38,-38,-38,-38,-38,-38,-38,-38,-38,1,3,2,8,5,2,2,2,2,2,2,0,-46,-46,-46,-46,-46,-46,-46,1,2,-49,-49,-49,-49,-49,-49,-49,-49,-49,-49,2,2,2,4,6,2,1,71013,71013172009,401.941746432946
458109,172009,3,7,1,1,3,2,40,1,-2,2,1,3,2,2,8,0,-10,-10,-10,6,1,1,3,2,-15,-15,-15,1,1,6,2,4,1,-17,4,1,3,0,2,1,1,10,10005,2,1,-20,-20,-20,-20,2,2,2,-22,-22,-22,-22,-22,-22,-22,-22,-22,-22,1,-23,2,4,-27,-27,6,-29,-29,-29,-29,-29,-29,-29,-29,-29,-29,-29,-29,-29,-29,-29,-29,-29,-29,-29,-29,-29,2,-33,-33,998,996,996,4,3,2,2010,999,99,2,2,2,1,1,1,1,4,2,-37,2,-38,-38,-38,-38,-38,-38,-38,-38,-38,-38,-38,-38,-38,-38,-38,-38,-38,-38,-38,-38,-38,-38,2,-43,-43,-43,-43,2,2,2,2,2,2,1,-47,9998,98,97,97,997,5,1,2,-49,-49,-49,-49,-49,-49,-49,-49,-49,-49,2,2,2,-1,4,2,1,71013,71013172009,401.941746432946
445309,172009,3,7,1,1,3,1,38,1,-2,2,1,7,-8,-8,0,-9,-9,-9,-9,-9,1,1,6,1,-14,-14,1,2,2,6,2,5,1,-17,5,2,3,0,2,1,1,8,8019,2,1,-20,-20,-20,-20,2,1,1,2,2,2,2,1,2,2,2,2,2,1,-23,1,-25,-25,-25,-25,611,2,2,2,-31,12,7,850,1,3,2,4,111,8,2,2,-32,2,2,2,2,98,98,98,998,996,996,1,1,-34,-34,1,6,2,2,2,2,2,1,1,4,1,2,2,-38,-38,-38,-38,-38,-38,-38,-38,-38,-38,-38,-38,-38,-38,-38,-38,-38,-38,-38,-38,-38,-38,2,-43,-43,-43,-43,2,2,2,2,2,2,0,-46,-46,-46,-46,-46,-46,-46,1,2,-49,-49,-49,-49,-49,-49,-49,-49,-49,-49,2,2,2,1,2,2,1,71013,71013172009,401.941746432946
92209,62009,3,4,1,3,3,1,27,1,-2,2,1,7,-8,-8,3,0,-10,-10,-10,0,1,1,1,9,-15,-15,-15,2,2,3,2,6,1,-17,1,-18,-18,-18,-18,-18,1,11,11013,97,2,1,11,11016,97,97,1,2,-22,-22,-22,-22,-22,-22,-22,-22,-22,-22,1,-23,1,-25,-25,-25,-25,834,5,-30,2,-31,6,5,2000,1,3,1,1,485,3,2,2,-32,2,2,2,2,2,-33,-33,834,721,264,5,1,-34,-34,1,6,2,1,2,1,2,1,1,4,1,3,2,-38,-38,-38,-38,-38,-38,-38,-38,-38,-38,-38,-38,-38,-38,-38,-38,-38,-38,-38,-38,-38,-38,2,-43,-43,-43,-43,2,2,2,2,2,2,0,-46,-46,-46,-46,-46,-46,-46,1,1,1,2,2,2,2,2,2,2,2,2,2,2,2,5,7,2,1,41033,41033062009,413.12995838464
21408,82008,3,7,1,4,2,1,21,1,-2,2,1,3,2,2,0,-9,-9,-9,-9,-9,1,1,3,2,-15,-15,-15,2,2,6,2,6,1,-17,3,0,3,0,3,1,1,18,18017,2,2,1,18,18016,1,2,2,2,-22,-22,-22,-22,-22,-22,-22,-22,-22,-22,1,-23,2,1,-26,-26,-26,821,1,1,2,-31,9,5,1100,1,3,97,8,336,1,2,2,-32,2,2,2,2,3,-33,-33,998,996,996,2,1,-34,-34,777,7,2,1,2,1,2,1,1,4,1,7,2,-38,-38,-38,-38,-38,-38,-38,-38,-38,-38,-38,-38,-38,-38,-38,-38,-38,-38,-38,-38,-38,-38,2,-43,-43,-43,-43,2,2,2,2,2,2,0,-46,-46,-46,-46,-46,-46,-46,2,2,-49,-49,-49,-49,-49,-49,-49,-49,-49,-49,2,2,2,2,4,2,1,71042,71042082008,432.626994790256
146808,252008,3,4,1,1,3,1,39,1,-2,2,1,7,-8,-8,0,-9,-9,-9,-9,-9,1,1,3,3,-15,-15,-15,2,2,4,2,5,1,-17,5,3,2,0,2,1,1,14,14039,2,1,-20,-20,-20,-20,2,1,2,-22,-22,-22,-22,-22,-22,-22,-22,-22,-22,1,-23,2,2,1,5,2,-29,-29,-29,-29,-29,-29,-29,-29,-29,-29,-29,-29,-29,-29,-29,-29,-29,-29,-29,-29,-29,2,-33,-33,264,996,996,2,1,-34,-34,6,5,2,1,2,1,2,1,1,4,1,2,2,-38,-38,-38,-38,-38,-38,-38,-38,-38,-38,-38,-38,-38,-38,-38,-38,-38,-38,-38,-38,-38,-38,1,3,1,5,6,1,2,2,2,2,2,0,-46,-46,-46,-46,-46,-46,-46,1,2,-49,-49,-49,-49,-49,-49,-49,-49,-49,-49,2,2,2,-1,6,2,1,41013,41013252008,518.814366343501
334709,142009,3,7,1,1,3,1,24,1,-2,2,1,5,2,2,0,-9,-9,-9,-9,-9,1,1,5,9,-15,-15,-15,2,2,3,2,1,1,-17,2,0,2,0,1,1,1,7,7087,1,1,-20,-20,-20,-20,1,2,1,1,2,2,2,2,2,2,2,2,2,1,-23,2,1,-26,-26,-26,281,1,1,1,3,8,6,2700,1,3,1,6,623,1,2,2,-32,2,2,2,2,2,-33,-33,281,996,996,2,1,-34,-34,3,6,2,1,2,1,2,1,1,4,1,8,2,-38,-38,-38,-38,-38,-38,-38,-38,-38,-38,-38,-38,-38,-38,-38,-38,-38,-38,-38,-38,-38,-38,2,-43,-43,-43,-43,2,2,2,2,2,2,0,-46,-46,-46,-46,-46,-46,-46,1,2,-49,-49,-49,-49,-49,-49,-49,-49,-49,-49,2,2,2,6,7,2,1,71013,71013142009,543.024277939122
334409,142009,3,7,1,1,3,1,25,1,-2,2,1,5,2,2,1,0,-10,-10,-10,0,1,1,3,3,-15,-15,-15,2,2,6,2,5,1,-17,3,1,2,0,1,1,1,7,7089,2,1,-20,-20,-20,-20,2,1,2,-22,-22,-22,-22,-22,-22,-22,-22,-22,-22,1,-23,1,-25,-25,-25,-25,421,1,1,1,3,13,6,9999999,99,99,1,4,463,1,2,2,-32,2,2,2,2,2,-33,-33,421,996,996,2,1,-34,-34,1,6,2,1,2,1,2,1,2,5,1,4,2,-38,-38,-38,-38,-38,-38,-38,-38,-38,-38,-38,-38,-38,-38,-38,-38,-38,-38,-38,-38,-38,-38,2,-43,-43,-43,-43,2,2,2,2,2,2,0,-46,-46,-46,-46,-46,-46,-46,1,1,2,1,2,2,2,2,2,2,2,2,2,2,2,4,6,2,1,71013,71013142009,543.024277939122
124309,72009,3,7,1,1,2,1,36,1,-2,2,1,7,-8,-8,3,0,-10,-10,-10,0,1,1,3,2,-15,-15,-15,2,2,6,2,1,1,-17,3,1,2,0,0,1,1,15,15012,1,1,-20,-20,-20,-20,1,1,2,-22,-22,-22,-22,-22,-22,-22,-22,-22,-22,1,-23,1,-25,-25,-25,-25,712,1,2,2,-31,10,6,1000,1,3,2,2,236,5,1,2,-32,2,2,1,1,3,-33,-33,998,996,996,2,3,2,2010,1,6,2,1,2,1,2,1,1,4,1,2,2,-38,-38,-38,-38,-38,-38,-38,-38,-38,-38,-38,-38,-38,-38,-38,-38,-38,-38,-38,-38,-38,-38,2,-43,-43,-43,-43,2,2,2,2,2,2,0,-46,-46,-46,-46,-46,-46,-46,1,2,-49,-49,-49,-49,-49,-49,-49,-49,-49,-49,2,2,2,3,4,2,1,71012,71012072009,543.818443162516
260309,112009,3,7,1,2,2,1,45,1,-2,2,1,7,-8,-8,0,-9,-9,-9,-9,-9,1,1,3,2,-15,-15,-15,1,1,6,2,1,1,-17,4,2,2,0,1,1,1,7,7003,1,1,-20,-20,-20,-20,1,1,1,2,2,2,2,2,2,2,2,2,1,1,-23,1,-25,-25,-25,-25,611,2,2,2,-31,10,6,800,1,3,2,3,111,6,2,1,-32,2,2,2,2,2,-33,-33,998,996,996,2,1,-34,-34,1,6,2,1,2,1,2,1,1,4,1,2,2,-38,-38,-38,-38,-38,-38,-38,-38,-38,-38,-38,-38,-38,-38,-38,-38,-38,-38,-38,-38,-38,-38,2,-43,-43,-43,-43,2,2,2,2,2,2,1,-47,9998,2,2,2,-48,98,1,2,-49,-49,-49,-49,-49,-49,-49,-49,-49,-49,2,2,2,1,4,2,1,71022,71022112009,576.835993053675
93809,62009,3,4,1,3,3,1,21,1,-2,2,1,7,-8,-8,1,0,-10,-10,-10,0,1,1,3,3,-15,-15,-15,2,2,6,2,1,1,-17,3,1,2,0,1,1,1,8,8017,2,1,-20,-20,-20,-20,2,1,2,-22,-22,-22,-22,-22,-22,-22,-22,-22,-22,1,-23,1,-25,-25,-25,-25,422,1,2,2,-31,8,6,9999998,98,98,1,2,468,1,2,2,-32,2,2,2,2,2,-33,-33,421,963,996,1,1,-34,-34,6,5,2,1,2,1,2,1,1,4,1,4,2,-38,-38,-38,-38,-38,-38,-38,-38,-38,-38,-38,-38,-38,-38,-38,-38,-38,-38,-38,-38,-38,-38,2,-43,-43,-43,-43,2,2,2,2,2,2,0,-46,-46,-46,-46,-46,-46,-46,1,2,-49,-49,-49,-49,-49,-49,-49,-49,-49,-49,2,2,2,4,6,2,1,41033,41033062009,578.643970145619
3607,212007,3,4,1,3,3,1,28,1,-2,2,1,7,-8,-8,0,-9,-9,-9,-9,-9,1,1,3,2,-15,-15,-15,2,2,6,2,6,2,2,5,0,3,2,3,2,1,8,8011,2,1,-20,-20,-20,-20,2,2,2,-22,-22,-22,-22,-22,-22,-22,-22,-22,-22,2,1,-24,-24,-24,-24,-24,-24,-24,-24,-24,-24,-24,-24,-24,-24,-24,-24,-24,-24,-24,-24,-24,-24,-24,-24,-24,-24,3,-33,-33,923,996,996,1,1,-34,-34,997,97,2,1,2,2,2,2,2,3,1,7,2,-38,-38,-38,-38,-38,-38,-38,-38,-38,-38,-38,-38,-38,-38,-38,-38,-38,-38,-38,-38,-38,-38,2,-43,-43,-43,-43,2,2,2,2,2,2,0,-46,-46,-46,-46,-46,-46,-46,2,2,-49,-49,-49,-49,-49,-49,-49,-49,-49,-49,2,2,2,-1,4,2,1,41033,41033212007,597.400208627666
25809,22009,3,1,2,2,2,1,39,1,-2,2,1,7,-8,-8,2,2,1,1,96,2,1,1,3,3,-15,-15,-15,2,2,3,2,2,1,-17,3,2,1,0,0,1,1,6,6003,97,2,1,19,19013,97,97,2,2,-22,-22,-22,-22,-22,-22,-22,-22,-22,-22,1,-23,1,-25,-25,-25,-25,311,1,1,1,2,8,5,2000,1,3,1,3,541,1,2,2,-32,2,2,2,2,3,-33,-33,212,996,996,2,1,-34,-34,6,3,2,1,1,1,1,1,1,4,1,4,2,-38,-38,-38,-38,-38,-38,-38,-38,-38,-38,-38,-38,-38,-38,-38,-38,-38,-38,-38,-38,-38,-38,2,-43,-43,-43,-43,1,2,2,2,2,2,0,-46,-46,-46,-46,-46,-46,-46,1,1,2,1,2,2,2,2,2,2,2,2,2,2,2,6,6,2,1,12022,12022022009,637.20090790131
17308,42008,3,4,1,2,1,1,35,1,-2,2,1,7,-8,-8,1,0,-10,-10,-10,0,1,1,3,3,-15,-15,-15,2,2,6,2,5,1,-17,5,3,2,0,2,1,1,10,10005,2,1,-20,-20,-20,-20,2,1,2,-22,-22,-22,-22,-22,-22,-22,-22,-22,-22,1,-23,1,-25,-25,-25,-25,611,2,2,2,-31,10,6,1200,1,3,1,2,111,6,2,2,-32,2,2,2,2,2,-33,-33,611,996,996,2,1,-34,-34,997,97,2,1,2,1,2,1,2,97,1,3,2,-38,-38,-38,-38,-38,-38,-38,-38,-38,-38,-38,-38,-38,-38,-38,-38,-38,-38,-38,-38,-38,-38,2,-43,-43,-43,-43,2,2,2,2,2,2,0,-46,-46,-46,-46,-46,-46,-46,1,1,1,2,2,2,2,2,2,2,2,2,2,2,2,1,6,2,1,41021,41021042008,640.511562516778
232708,292008,3,7,1,1,3,1,32,1,-2,2,1,7,-8,-8,0,-9,-9,-9,-9,-9,1,1,3,2,-15,-15,-15,2,2,6,2,2,1,-17,1,-18,-18,-18,-18,-18,1,17,17011,2,1,-20,-20,-20,-20,2,1,2,-22,-22,-22,-22,-22,-22,-22,-22,-22,-22,1,-23,1,-25,-25,-25,-25,923,1,2,1,3,10,6,3000,1,3,2,5,999,1,2,2,-32,2,1,2,1,2,-33,-33,923,217,996,2,2,2,2019,2,5,2,2,2,2,2,1,1,4,1,3,2,-38,-38,-38,-38,-38,-38,-38,-38,-38,-38,-38,-38,-38,-38,-38,-38,-38,-38,-38,-38,-38,-38,2,-43,-43,-43,-43,2,2,2,2,2,2,0,-46,-46,-46,-46,-46,-46,-46,1,1,1,2,2,2,2,2,2,2,2,2,2,2,2,2,4,2,1,71013,71013292008,658.034753647805
67808,102008,3,4,1,3,2,2,45,1,-2,2,1,3,2,2,2,2,1,1,96,2,1,1,3,3,-15,-15,-15,2,2,6,2,2,2,3,6,2,4,0,3,2,1,5,5008,97,1,-20,-20,-20,-20,97,1,2,-22,-22,-22,-22,-22,-22,-22,-22,-22,-22,2,1,-24,-24,-24,-24,-24,-24,-24,-24,-24,-24,-24,-24,-24,-24,-24,-24,-24,-24,-24,-24,-24,-24,-24,-24,-24,-24,2,-33,-33,815,511,522,2,1,-34,-34,1,6,2,1,2,1,2,1,1,4,1,3,2,-38,-38,-38,-38,-38,-38,-38,-38,-38,-38,-38,-38,-38,-38,-38,-38,-38,-38,-38,-38,-38,-38,2,-43,-43,-43,-43,2,2,2,2,2,2,0,-46,-46,-46,-46,-46,-46,-46,2,1,1,2,2,2,2,2,2,2,2,2,2,2,2,-1,6,2,1,41032,41032102008,660.527549742883
211909,92009,3,7,1,1,2,2,19,1,-2,2,1,2,2,2,0,-9,-9,-9,-9,-9,1,1,4,9,-15,-15,-15,2,2,6,2,6,1,-17,3,0,3,0,2,2,1,12,12001,2,1,-20,-20,-20,-20,2,2,1,1,2,2,2,2,2,2,2,2,2,2,4,-24,-24,-24,-24,-24,-24,-24,-24,-24,-24,-24,-24,-24,-24,-24,-24,-24,-24,-24,-24,-24,-24,-24,-24,-24,-24,2,-33,-33,998,996,996,4,1,-34,-34,1,5,2,1,2,2,2,1,1,4,1,3,2,-38,-38,-38,-38,-38,-38,-38,-38,-38,-38,-38,-38,-38,-38,-38,-38,-38,-38,-38,-38,-38,-38,2,-43,-43,-43,-43,2,2,2,2,2,2,0,-46,-46,-46,-46,-46,-46,-46,1,2,-49,-49,-49,-49,-49,-49,-49,-49,-49,-49,2,2,2,-1,7,2,1,71012,71012092009,699.085108399711
199909,92009,3,7,1,1,2,2,23,1,-2,2,1,1,2,2,0,-9,-9,-9,-9,-9,1,1,3,9,-15,-15,-15,2,2,3,2,6,1,-17,1,-18,-18,-18,-18,-18,1,21,21114,2,2,1,21,21174,2,2,1,2,-22,-22,-22,-22,-22,-22,-22,-22,-22,-22,2,4,-24,-24,-24,-24,-24,-24,-24,-24,-24,-24,-24,-24,-24,-24,-24,-24,-24,-24,-24,-24,-24,-24,-24,-24,-24,-24,2,-33,-33,521,996,996,6,1,-34,-34,4,6,2,1,2,2,2,1,2,5,2,-37,2,-38,-38,-38,-38,-38,-38,-38,-38,-38,-38,-38,-38,-38,-38,-38,-38,-38,-38,-38,-38,-38,-38,2,-43,-43,-43,-43,2,2,2,2,2,2,0,-46,-46,-46,-46,-46,-46,-46,1,2,-49,-49,-49,-49,-49,-49,-49,-49,-49,-49,2,2,2,-1,7,2,1,71012,71012092009,699.085108399711
528009,202009,3,7,1,1,2,1,43,1,-2,2,1,5,2,2,2,0,-10,-10,-10,2,1,1,3,2,-15,-15,-15,1,2,6,2,5,1,-17,2,0,2,0,2,1,1,12,12001,2,1,-20,-20,-20,-20,2,1,1,2,2,2,1,2,2,2,2,2,2,1,-23,1,-25,-25,-25,-25,923,1,1,1,2,8,6,1200,1,3,2,6,999,1,2,2,-32,1,2,2,2,2,-33,-33,998,996,996,2,1,-34,-34,1,6,2,2,2,2,2,2,1,4,1,2,2,-38,-38,-38,-38,-38,-38,-38,-38,-38,-38,-38,-38,-38,-38,-38,-38,-38,-38,-38,-38,-38,-38,2,-43,-43,-43,-43,2,2,2,2,-998,-998,-998,-998,-998,-998,-998,-998,-998,-998,-998,-998,-998,-998,-998,-998,-998,-998,-998,-998,-998,-998,-998,-998,-998,2,4,2,1,71012,71012202009,726.945239781477
185208,262008,3,7,1,2,3,1,50,1,-2,2,1,7,-8,-8,0,-9,-9,-9,-9,-9,1,1,3,2,-15,-15,-15,2,2,6,2,5,1,-17,2,0,2,0,1,1,1,17,17007,2,1,-20,-20,-20,-20,2,2,2,-22,-22,-22,-22,-22,-22,-22,-22,-22,-22,2,2,-24,-24,-24,-24,-24,-24,-24,-24,-24,-24,-24,-24,-24,-24,-24,-24,-24,-24,-24,-24,-24,-24,-24,-24,-24,-24,2,-33,-33,611,996,996,2,1,-34,-34,8,5,2,1,2,1,1,1,1,4,1,4,2,-38,-38,-38,-38,-38,-38,-38,-38,-38,-38,-38,-38,-38,-38,-38,-38,-38,-38,-38,-38,-38,-38,1,3,1,3,6,2,2,2,2,2,2,0,-46,-46,-46,-46,-46,-46,-46,1,1,2,1,2,2,2,2,2,2,2,2,2,2,2,-1,4,2,1,71023,71023262008,778.728590622462
550209,192009,3,1,2,2,2,1,55,1,-2,2,1,7,-8,-8,0,-9,-9,-9,-9,-9,2,-12,-12,-12,-12,-12,2,2,2,6,2,4,1,-17,1,-18,-18,-18,-18,-18,1,24,24010,97,1,-20,-20,-20,-20,97,1,2,-22,-22,-22,-22,-22,-22,-22,-22,-22,-22,1,-23,1,-25,-25,-25,-25,611,2,2,2,-31,8,5,9999999,99,99,1,1,111,6,1,2,-32,2,1,1,2,98,98,98,611,996,996,2,1,-34,-34,997,97,2,1,2,1,2,1,1,4,1,6,2,-38,-38,-38,-38,-38,-38,-38,-38,-38,-38,-38,-38,-38,-38,-38,-38,-38,-38,-38,-38,-38,-38,2,-43,-43,-43,-43,2,2,2,2,2,2,0,-46,-46,-46,-46,-46,-46,-46,3,2,-49,-49,-49,-49,-49,-49,-49,-49,-49,-49,2,2,2,1,0,2,1,12022,12022192009,851.916198949702
218008,282008,3,1,2,2,2,2,40,1,-2,2,1,4,2,2,2,0,-10,-10,-10,1,1,1,6,1,-14,-14,1,2,2,3,2,2,1,-17,2,0,2,0,1,1,1,12,12050,1,1,-20,-20,-20,-20,2,2,2,-22,-22,-22,-22,-22,-22,-22,-22,-22,-22,1,-23,1,-25,-25,-25,-25,962,2,2,2,-31,7,3,200,1,2,1,2,561,8,2,2,2,2,2,2,2,2,-33,-33,511,962,996,5,1,-34,-34,997,97,2,1,2,1,1,2,2,3,2,-37,2,-38,-38,-38,-38,-38,-38,-38,-38,-38,-38,-38,-38,-38,-38,-38,-38,-38,-38,-38,-38,-38,-38,2,-43,-43,-43,-43,2,2,2,2,2,2,1,-47,2010,2,2,1,312,5,2,2,-49,-49,-49,-49,-49,-49,-49,-49,-49,-49,2,2,2,5,2,2,1,12022,12022282008,919.187075519213
121408,192008,3,1,2,2,3,1,31,1,-2,2,1,8,-8,-8,0,-9,-9,-9,-9,-9,1,1,2,2,-15,-15,-15,2,2,6,2,2,2,2,5,0,5,0,4,2,1,30,30013,2,1,-20,-20,-20,-20,2,2,2,-22,-22,-22,-22,-22,-22,-22,-22,-22,-22,1,-23,1,-25,-25,-25,-25,421,1,2,1,3,8,6,800,1,3,1,2,433,1,2,2,-32,2,2,2,2,3,-33,-33,421,712,996,2,1,-34,-34,997,97,2,1,2,1,2,1,1,4,1,4,2,-38,-38,-38,-38,-38,-38,-38,-38,-38,-38,-38,-38,-38,-38,-38,-38,-38,-38,-38,-38,-38,-38,2,-43,-43,-43,-43,2,2,2,2,2,2,0,-46,-46,-46,-46,-46,-46,-46,2,2,-49,-49,-49,-49,-49,-49,-49,-49,-49,-49,2,2,2,4,3,2,1,12023,12023192008,951.260419761438
149308,252008,3,7,1,12,3,2,23,1,-2,2,1,1,2,2,0,-9,-9,-9,-9,-9,1,1,99,99,-15,-15,-15,2,1,6,2,6,2,2,4,0,4,0,1,2,1,26,26029,2,2,1,2,2004,2,2,2,2,-22,-22,-22,-22,-22,-22,-22,-22,-22,-22,2,4,-24,-24,-24,-24,-24,-24,-24,-24,-24,-24,-24,-24,-24,-24,-24,-24,-24,-24,-24,-24,-24,-24,-24,-24,-24,-24,2,-33,-33,999,999,999,6,10,2,2020,1,5,2,1,2,2,2,1,1,4,2,-37,2,-38,-38,-38,-38,-38,-38,-38,-38,-38,-38,-38,-38,-38,-38,-38,-38,-38,-38,-38,-38,-38,-38,2,-43,-43,-43,-43,2,2,2,2,2,2,-998,-998,-998,-998,-998,-998,-998,-998,-998,-998,-998,-998,-998,-998,-998,-998,-998,-998,-998,-998,-998,-998,-998,-1,99,2,1,71123,71123252008,951.779388538564
158309,42009,3,7,1,1,3,1,20,1,-2,2,1,3,2,2,1,0,-10,-10,-10,0,1,1,3,2,-15,-15,-15,2,2,6,2,6,2,2,2,0,2,0,1,1,1,5,5018,2,1,-20,-20,-20,-20,2,2,2,-22,-22,-22,-22,-22,-22,-22,-22,-22,-22,1,-23,1,-25,-25,-25,-25,263,1,1,1,2,8,6,2800,1,3,1,2,811,1,2,2,-32,2,2,2,2,3,-33,-33,999,996,996,4,1,-34,-34,5,6,2,1,2,1,2,1,1,4,1,7,2,-38,-38,-38,-38,-38,-38,-38,-38,-38,-38,-38,-38,-38,-38,-38,-38,-38,-38,-38,-38,-38,-38,2,-43,-43,-43,-43,2,2,2,2,2,2,0,-46,-46,-46,-46,-46,-46,-46,2,2,-49,-49,-49,-49,-49,-49,-49,-49,-49,-49,2,2,2,6,4,2,1,71013,71013042009,971.675603071059
200408,262008,3,7,1,2,3,1,40,1,-2,2,1,5,2,2,0,-9,-9,-9,-9,-9,1,1,2,3,-15,-15,-15,2,2,5,2,3,2,2,3,0,3,0,2,2,1,25,25002,97,1,-20,-20,-20,-20,97,1,1,2,1,2,2,2,2,2,2,2,2,1,-23,1,-25,-25,-25,-25,611,1,2,2,-31,9,6,1200,1,3,3,3,111,6,2,2,-32,2,2,2,2,2,-33,-33,998,996,996,2,1,-34,-34,12,5,2,1,2,1,2,1,1,4,1,7,2,-38,-38,-38,-38,-38,-38,-38,-38,-38,-38,-38,-38,-38,-38,-38,-38,-38,-38,-38,-38,-38,-38,2,-43,-43,-43,-43,2,2,2,2,2,2,0,-46,-46,-46,-46,-46,-46,-46,1,2,-49,-49,-49,-49,-49,-49,-49,-49,-49,-49,2,2,2,1,5,2,1,71023,71023262008,1105.60232106454
178008,262008,3,7,1,1,2,1,40,1,-2,2,1,5,2,2,4,2,2,3,1,3,2,-12,-12,-12,-12,-12,2,2,2,6,2,5,1,-17,5,1,4,0,3,1,1,12,12073,1,1,-20,-20,-20,-20,1,1,2,-22,-22,-22,-22,-22,-22,-22,-22,-22,-22,2,1,-24,-24,-24,-24,-24,-24,-24,-24,-24,-24,-24,-24,-24,-24,-24,-24,-24,-24,-24,-24,-24,-24,-24,-24,-24,-24,2,-33,-33,611,996,996,1,1,-34,-34,777,7,2,1,2,1,2,2,1,4,1,7,2,-38,-38,-38,-38,-38,-38,-38,-38,-38,-38,-38,-38,-38,-38,-38,-38,-38,-38,-38,-38,-38,-38,2,-43,-43,-43,-43,2,2,2,2,2,2,0,-46,-46,-46,-46,-46,-46,-46,2,2,-49,-49,-49,-49,-49,-49,-49,-49,-49,-49,2,2,2,-1,0,2,1,71012,71012262008,1188.59760287427
176008,262008,3,7,1,1,2,2,36,1,-2,2,1,3,2,2,1,0,-10,-10,-10,1,1,1,3,2,-15,-15,-15,1,1,6,2,5,1,-17,5,3,2,0,1,2,1,20,20086,1,1,-20,-20,-20,-20,1,1,2,-22,-22,-22,-22,-22,-22,-22,-22,-22,-22,1,-23,2,4,-27,-27,1,-29,-29,-29,-29,-29,-29,-29,-29,-29,-29,-29,-29,-29,-29,-29,-29,-29,-29,-29,-29,-29,3,-33,-33,998,996,996,1,1,-34,-34,777,7,2,1,2,2,2,2,1,4,1,7,2,-38,-38,-38,-38,-38,-38,-38,-38,-38,-38,-38,-38,-38,-38,-38,-38,-38,-38,-38,-38,-38,-38,2,-43,-43,-43,-43,2,2,2,2,2,2,1,-47,2000,2,2,1,111,4,1,2,-49,-49,-49,-49,-49,-49,-49,-49,-49,-49,2,2,2,-1,4,2,1,71012,71012262008,1188.59760287427
71209,42009,3,1,2,2,3,2,42,1,-2,2,1,7,-8,-8,5,2,1,7,1,5,1,1,1,2,-15,-15,-15,2,2,5,2,2,1,-17,7,2,5,0,1,1,1,30,30087,2,1,-20,-20,-20,-20,2,1,1,1,2,2,1,1,2,2,2,2,2,1,-23,1,-25,-25,-25,-25,815,2,2,2,-31,6,7,50,1,1,1,1,315,5,2,2,2,2,1,2,2,1,11,96,815,511,611,5,1,-34,-34,777,7,2,1,2,1,2,2,1,4,1,6,2,-38,-38,-38,-38,-38,-38,-38,-38,-38,-38,-38,-38,-38,-38,-38,-38,-38,-38,-38,-38,-38,-38,2,-43,-43,-43,-43,2,2,2,2,2,2,0,-46,-46,-46,-46,-46,-46,-46,1,2,-49,-49,-49,-49,-49,-49,-49,-49,-49,-49,2,2,2,2,3,2,1,12023,12023042009,1374.88683468209
320209,142009,3,1,2,1,2,2,24,1,-2,2,1,5,2,2,1,0,-10,-10,-10,0,1,1,2,6,-15,-15,-15,2,2,2,2,2,2,2,6,2,3,1,3,2,1,28,28041,2,2,1,15,15059,97,2,2,2,-22,-22,-22,-22,-22,-22,-22,-22,-22,-22,2,4,-24,-24,-24,-24,-24,-24,-24,-24,-24,-24,-24,-24,-24,-24,-24,-24,-24,-24,-24,-24,-24,-24,-24,-24,-24,-24,3,-33,-33,311,423,421,2,1,-34,-34,3,3,2,1,1,2,2,2,1,3,1,4,2,-38,-38,-38,-38,-38,-38,-38,-38,-38,-38,-38,-38,-38,-38,-38,-38,-38,-38,-38,-38,-38,-38,1,3,1,2,6,2,2,2,2,2,2,0,-46,-46,-46,-46,-46,-46,-46,2,2,-49,-49,-49,-49,-49,-49,-49,-49,-49,-49,2,2,2,-1,7,2,1,12012,12012142009,2947.27122648276
214908,292008,3,5,1,3,2,1,39,1,-2,2,1,4,2,2,0,-9,-9,-9,-9,-9,1,2,-13,-13,8,2,-16,2,2,2,2,5,1,-17,4,1,3,0,2,1,1,26,26048,2,1,-20,-20,-20,-20,2,2,2,-22,-22,-22,-22,-22,-22,-22,-22,-22,-22,2,1,-24,-24,-24,-24,-24,-24,-24,-24,-24,-24,-24,-24,-24,-24,-24,-24,-24,-24,-24,-24,-24,-24,-24,-24,-24,-24,2,-33,-33,835,263,996,2,1,-34,-34,3,1,1,2,2,2,1,2,2,0,-36,-36,1,1,260430001,1,2,-39,-39,-39,1,1,1,1,4,4013,401355000,1,1,2,2,2,1,777,7,1,4,1,8,6,2,2,2,2,2,2,999,9999,2020,2,1,1,492,5,2,2,-49,-49,-49,-49,-49,-49,-49,-49,-49,-49,2,2,2,-1,3,3,1,51032,51032292008,39.1414599758301
66009,32009,3,2,1,3,3,1,30,1,-2,2,1,4,2,2,1,0,-10,-10,-10,0,1,1,3,2,-15,-15,-15,2,2,6,2,6,2,2,5,2,3,0,2,2,1,24,24028,2,1,-20,-20,-20,-20,2,2,2,-22,-22,-22,-22,-22,-22,-22,-22,-22,-22,2,1,-24,-24,-24,-24,-24,-24,-24,-24,-24,-24,-24,-24,-24,-24,-24,-24,-24,-24,-24,-24,-24,-24,-24,-24,-24,-24,2,-33,-33,712,996,996,2,1,-34,-34,2,2,2,1,2,2,2,2,1,4,2,-37,1,1,280270001,5,2,-39,-39,-39,1,2,2,2,-42,-42,-42,-42,-42,-42,-42,-42,2,777,7,2,-43,-43,-43,-43,2,2,2,2,2,2,0,-46,-46,-46,-46,-46,-46,-46,1,2,-49,-49,-49,-49,-49,-49,-49,-49,-49,-49,2,2,2,-1,4,3,1,21033,21033032009,145.939686366373
254008,282008,3,4,1,1,2,1,49,1,-2,2,1,4,2,2,0,-9,-9,-9,-9,-9,1,1,3,3,-15,-15,-15,2,2,6,2,5,1,-17,5,0,4,1,2,1,1,15,15008,97,1,-20,-20,-20,-20,97,2,2,-22,-22,-22,-22,-22,-22,-22,-22,-22,-22,2,1,-24,-24,-24,-24,-24,-24,-24,-24,-24,-24,-24,-24,-24,-24,-24,-24,-24,-24,-24,-24,-24,-24,-24,-24,-24,-24,2,-33,-33,713,712,996,5,1,-34,-34,997,97,1,1,1,1,2,2,2,0,2,-37,1,-998,-998,-998,-998,-998,-998,-998,-998,-998,-998,-998,-998,-998,-998,-998,-998,-998,-998,-998,-998,-998,-998,-998,-998,-998,-998,-998,-998,-998,-998,-998,-998,-998,-998,-998,-998,-998,-998,-998,-998,-998,-998,-998,-998,-998,-998,-998,-998,-998,-998,-998,-998,-998,-998,-998,-998,-1,6,3,1,41012,41012282008,257.560057462302
475309,182009,3,4,1,2,3,1,28,1,-2,2,1,4,2,2,2,0,-10,-10,-10,0,1,1,3,2,-15,-15,-15,2,2,6,2,6,2,2,6,1,4,1,4,2,1,10,10005,2,1,-20,-20,-20,-20,2,1,1,2,1,2,2,2,2,2,2,2,2,1,-23,2,2,5,3,2,-29,-29,-29,-29,-29,-29,-29,-29,-29,-29,-29,-29,-29,-29,-29,-29,-29,-29,-29,-29,-29,2,-33,-33,611,996,996,2,1,-34,-34,1,6,2,1,2,1,2,2,2,1,2,-37,1,1,80370001,3,1,3,1500,2,2,-40,1,1,6,6017,601757540,3,2,2,2,1,1,888,8,2,-43,-43,-43,-43,2,2,2,2,2,2,0,-46,-46,-46,-46,-46,-46,-46,1,2,-49,-49,-49,-49,-49,-49,-49,-49,-49,-49,2,2,2,-1,4,3,1,41023,41023182009,347.229113285367
274708,312008,3,4,1,1,3,1,57,1,-2,2,1,3,2,2,1,0,-10,-10,-10,1,1,1,3,2,-15,-15,-15,2,2,3,2,5,1,-17,2,0,1,1,1,1,1,14,14003,2,1,-20,-20,-20,-20,2,2,2,-22,-22,-22,-22,-22,-22,-22,-22,-22,-22,2,3,-24,-24,-24,-24,-24,-24,-24,-24,-24,-24,-24,-24,-24,-24,-24,-24,-24,-24,-24,-24,-24,-24,-24,-24,-24,-24,2,-33,-33,834,996,996,3,1,-34,-34,6,5,1,1,1,2,2,1,2,0,2,-37,1,1,80370001,3,2,-39,-39,-39,1,1,1,1,6,6019,601914218,2,1,2,1,1,1,6,5,1,4,1,28,6,1,1,1,2,2,2,10,1990,2020,2,1,1,111,5,1,1,1,2,2,2,2,2,2,2,2,2,2,2,2,-1,4,3,1,41013,41013312008,355.776291161073
135409,72009,3,7,1,1,2,1,55,1,-2,2,1,5,2,2,0,-9,-9,-9,-9,-9,1,1,4,8,-15,-15,-15,2,2,2,2,3,1,-17,4,0,4,0,1,1,1,15,15033,2,1,-20,-20,-20,-20,2,1,1,2,1,2,2,2,2,2,2,2,2,2,1,-24,-24,-24,-24,-24,-24,-24,-24,-24,-24,-24,-24,-24,-24,-24,-24,-24,-24,-24,-24,-24,-24,-24,-24,-24,-24,2,-33,-33,227,998,998,2,1,-34,-34,997,97,2,1,2,1,1,1,1,3,2,-37,1,97,999999998,-998,-998,-998,-998,-998,-998,-998,-998,-998,-998,-998,-998,-998,-998,-998,-998,-998,-998,-998,-998,-998,-998,-998,-998,-998,-998,-998,-998,-998,-998,-998,-998,-998,-998,-998,-998,-998,-998,-998,-998,-998,-998,-998,-998,-998,-998,-998,-998,-998,-998,-998,-998,-998,-998,-1,7,3,1,71012,71012072009,543.747937867722
701309,282009,3,1,2,2,3,1,50,1,-2,2,1,5,2,2,2,0,-10,-10,-10,0,1,1,3,5,-15,-15,-15,2,2,3,2,5,1,-17,4,1,3,0,3,1,1,24,24035,2,1,-20,-20,-20,-20,2,2,2,-22,-22,-22,-22,-22,-22,-22,-22,-22,-22,1,-23,1,-25,-25,-25,-25,421,4,-30,2,-31,8,6,9999999,99,99,2,2,465,1,2,2,-32,2,2,2,1,3,-33,-33,421,225,996,3,3,2,2020,2,3,2,1,2,2,2,2,1,3,1,4,1,1,280320001,1,2,-39,-39,-39,5,-41,-41,2,-42,-42,-42,-42,-42,-42,-42,-42,2,6,1,1,3,1,7,6,2,2,2,2,2,2,0,-46,-46,-46,-46,-46,-46,-46,2,2,-49,-49,-49,-49,-49,-49,-49,-49,-49,-49,2,2,2,4,6,3,1,12023,12023282009,740.812867507772
665809,282009,3,7,1,1,2,2,19,1,-2,2,1,3,2,2,1,1,3,-11,-11,1,1,1,3,2,-15,-15,-15,2,2,6,2,6,2,2,5,1,4,0,2,2,1,16,16108,2,1,-20,-20,-20,-20,2,2,2,-22,-22,-22,-22,-22,-22,-22,-22,-22,-22,2,4,-24,-24,-24,-24,-24,-24,-24,-24,-24,-24,-24,-24,-24,-24,-24,-24,-24,-24,-24,-24,-24,-24,-24,-24,-24,-24,2,-33,-33,999,996,996,4,3,2,2015,2,2,2,1,2,2,1,2,1,4,2,-37,1,1,20040001,2,2,-39,-39,-39,3,-41,-41,1,6,6073,607322804,3,2,2,2,1,1,1,5,1,4,1,999,99,2,2,1,2,2,2,0,-46,-46,-46,-46,-46,-46,-46,1,2,-49,-49,-49,-49,-49,-49,-49,-49,-49,-49,2,2,2,-1,4,3,1,71012,71012282009,777.414377878709
191108,252008,3,7,1,12,3,2,21,1,-2,2,1,3,2,2,0,-9,-9,-9,-9,-9,1,1,3,3,-15,-15,-15,2,2,6,2,6,2,2,1,-18,-18,-18,-18,-18,1,2,2002,2,1,-20,-20,-20,-20,2,1,2,-22,-22,-22,-22,-22,-22,-22,-22,-22,-22,1,-23,2,2,2,5,2,-29,-29,-29,-29,-29,-29,-29,-29,-29,-29,-29,-29,-29,-29,-29,-29,-29,-29,-29,-29,-29,2,-33,-33,262,996,996,1,3,2,2020,777,7,2,1,2,1,2,1,1,4,1,6,1,2,999999997,97,2,-39,-39,-39,5,-41,-41,97,97,99997,9999999997,3,2,2,2,2,1,997,97,2,-43,-43,-43,-43,2,2,2,2,2,1,0,-46,-46,-46,-46,-46,-46,-46,3,1,2,1,2,2,2,2,2,2,2,2,2,2,2,-1,6,3,1,71123,71123252008,951.655991682112
232109,82009,3,1,2,2,2,2,24,1,-2,2,1,7,-8,-8,0,-9,-9,-9,-9,-9,1,1,3,2,-15,-15,-15,2,2,6,2,6,2,2,4,0,4,0,4,2,1,15,15023,2,1,-20,-20,-20,-20,2,1,1,2,2,2,1,1,2,2,2,2,2,1,-23,2,2,2,5,2,-29,-29,-29,-29,-29,-29,-29,-29,-29,-29,-29,-29,-29,-29,-29,-29,-29,-29,-29,-29,-29,3,-33,-33,421,271,996,1,1,-34,-34,777,7,2,1,2,1,2,1,1,4,1,8,1,2,280320001,5,1,5,9999999,99,2,-40,97,2,-42,-42,-42,-42,-42,-42,-42,-42,2,777,7,2,-43,-43,-43,-43,2,2,2,2,2,2,0,-46,-46,-46,-46,-46,-46,-46,1,2,-49,-49,-49,-49,-49,-49,-49,-49,-49,-49,2,2,2,-1,4,3,1,12022,12022082009,1139.93764693161
565609,222009,3,3,2,1,2,1,35,1,-2,2,1,4,2,2,0,-9,-9,-9,-9,-9,1,1,3,2,-15,-15,-15,2,2,6,2,1,2,2,5,1,2,2,1,1,1,15,15011,2,1,-20,-20,-20,-20,2,1,2,-22,-22,-22,-22,-22,-22,-22,-22,-22,-22,1,-23,2,6,-27,-27,2,-29,-29,-29,-29,-29,-29,-29,-29,-29,-29,-29,-29,-29,-29,-29,-29,-29,-29,-29,-29,-29,2,-33,-33,731,713,712,1,1,-34,-34,3,3,2,1,2,2,2,2,2,5,2,-37,1,1,50020001,4,1,1,3500,2,2,-40,2,1,48,48225,4822541644,2,2,2,2,1,2,777,7,2,-43,-43,-43,-43,2,2,2,2,2,1,-998,-998,-998,-998,-998,-998,-998,-998,-998,-998,-998,-998,-998,-998,-998,-998,-998,-998,-998,-998,-998,-998,-998,-1,4,3,1,32012,32012222009,1856.82758329974
